facility_id,latitude,longitude,census_tract
1009711,27.864068,-82.385139,12057013604
1001675,40.43921,-86.8601,18157001900
1000426,32.8994,-79.9694,45019003400
1006454,46.107527,-122.926617,53015980000
1007069,44.917362,-68.636511,23019007100
1002690,43.18294,-95.50569,19141490100
1007915,34.281587,-84.058034,13117130101
1010687,47.933611,-97.0825,38035011701
1000066,37.07479,-120.877445,06047002100
1000273,37.534,-79.357,51019030300
1006138,42.75991,-88.91711,55105003102
1000610,46.8841,-95.0601,27057070500
1005694,40.27555,-84.19473,39149971900
1000352,34.84999,-102.28679,48117950600
1004874,44.3986,-89.8263,55141011100
1000035,40.081111,-84.591667,39037555102
1010104,31.275,-90.374722,28113950104
1004055,44.614453,-123.936832,41041951300
1010155,32.823278,-89.534944,28079040100
1004206,34.641667,-87.038611,01103005101
1009528,41.597794,-112.172856,49003960400
1010549,37.92627,-87.87223,18129040700
1005758,43.57486,-83.91588,26017281000
1000345,30.068694,-83.52375,12123950302
1000230,35.535,-82.8411,37087920202
1005970,42.560572,-71.849629,25027710300
1007867,35.0442,-88.2652,47071920600
1000196,30.60539,-87.322938,12033003700
1000357,40.2469,-103.7756,08087000600
1005930,33.793857,-79.729856,45089970100
1001945,44.47056,-95.78417,27083360500
1006819,33.32282,-104.47889,35005001101
1004098,40.90232,-74.13179,34003011300
1006558,39.521,-84.40502,39017012200
1005479,39.744833,-86.174306,18097358100
1004901,32.1582,-81.1592,13051010701
1004668,39.004293,-87.631325,17033880500
1003444,36.370833,-93.570556,05015950301
1005658,36.72757,-119.79175,06019000300
1004369,27.37565,-80.39125,12111382124
1000614,46.309388,-119.297683,53005010201
1005753,47.435833,-97.0625,38097970300
1005659,36.34223,-119.39454,06107001008
1000228,35.2081,-77.1242,37049960301
1009512,38.702389,-75.383139,10005050503
1004962,30.596678,-87.251977,12033003614
1003501,34.221569,-91.907406,05069002500
1008006,46.90411,-97.26349,38017040300
1006534,42.33037,-95.34253,19093090200
1006052,35.966944,-95.9285,40143006708
1004022,40.44291,-104.69236,08123000600
1006423,44.909945,-72.976094,50011010102
1001861,40.92564,-73.90465,36119000104
1000015,36.143889,-81.163333,37193961100
1005909,30.2202,-93.7416,48361021100
1002408,43.182248,-95.856177,19141490300
1000262,32.175,-85.0311,01113031200
1004626,40.58629,-74.20061,36085029102
1000609,45.804801,-119.3725,41059951000
1005727,42.3196,-94.2872,19187010300
1005813,34.290701,-83.811488,13139000800
1005353,45.442417,-98.787139,46045962100
1012111,40.92801,-90.64194,17187870400
1004832,36.066559,-119.571981,06031001300
1005706,41.4908,-78.6767,42047950500
1002011,33.416151,-81.896431,45003020901
1005382,39.54794,-86.81612,18133956500
1004902,40.61856,-83.15956,39101010201
1003953,32.74107,-96.44188,48257050213
1000324,34.605,-79.785,45069960202
1009794,30.02,-90.77,22093040400
1011175,37.403741,-79.128076,51680001900
1011710,38.55745,-75.935059999999993,24019970300
1006825,40.18925,-95.36789,29087960100
1001995,46.723918,-92.436733,27017070100
1009709,27.764677,-82.018916,12105016100
1006264,29.71629,-95.08965,48201343601
1001826,43.6025,-84.2404,26111290500
1000613,47.234413,-119.869914,53025010600
1002560,43.11204,-93.23104,19033950201
1010891,46.300368,-120.015979,53077001802
1012019,41.961006,-92.580083,19171290500
1002426,41.933677,-91.71648,19113003005
1006245,40.197778,-86.910833,18107956800
1002291,44.93505,-96.05722,27073180300
1004554,33.819375,-84.647595,13067031409
1004368,29.230631,-95.188487,48039661700
1007603,45.108,-87.607,26109960700
1005369,42.35066,-97.708,31139979200
1002138,42.733339,-93.910902,19197680200
1005579,37.5392,-76.8053,51101950300
1004257,40.283058,-75.341965,42091207101
1005424,35.11738,-80.94104,37119980200
1005686,36.70833,-101.44166,40139950902
1002111,44.5241,-88.0031,55009000900
1010166,35.05518,-93.36892,05149952500
1003884,45.450849,-89.740303,55069960300
1006836,37.49033,-120.88539,06099003700
1002652,41.135266,-89.341088,17123961200
1000434,32.526231,-90.771071,28149950101
1003903,33.813889,-88.556139,28095950800
1003422,42.3586,-89.80342,17177000400
1002809,43.08446,-96.23038,19167070300
1000413,40.555,-89.6628,17179020900
1004263,42.575416,-73.853563,36001014304
1011051,43.06385,-76.20463,36067012900
1001293,40.3883,-91.3953,19111490800
1002505,42.775352,-94.942432,19021960100
1001889,45.156944,-67.404722,23029955400
1004553,41.7887,-85.647,26149041400
1004288,40.965933,-94.79506,19003950200
1004477,43.266053,-82.619552,26151970800
1002871,44.77561,-88.62285,55115100300
1000038,46.13672,-118.91564,53071920000
1004199,39.8717,-76.8664,42133020523
1007226,34.3528,-78.2028,37047930100
1002333,42.657389,-78.076111,36121970800
1005434,38.04297,-97.91929,20155000800
1006787,41.169691,-90.024473,17073031100
1002073,40.61125,-97.60154,31059091600
1003484,30.550948000000002,-91.175252,22033004201
1002585,43.976389,-96.95333,46079960300
1002635,33.85896,-81.70832,45081960400
1004956,35.39892,-119.41218,06029006600
1005849,42.41004,-76.89603,36097950200
1005626,42.4872,-91.1633,19055950100
1005306,43.38391,-94.14706,19109950100
1002526,41.28473,-82.82024,39077916000
1004039,40.28048,-100.163,31065963900
1007030,33.956949,-86.809218,01043965402
1003954,42.06672,-97.3815,31119960600
1006416,30.063707,-94.218396,48245011402
1006520,45.8476,-122.803,41009970700
1004045,44.44737,-88.06851,55009010201
1006141,43.073373,-92.138309,19037070300
1006668,33.2644,-94.069639,48067950101
1005526,43.664021,-94.492559,27091790600
1009838,31.52688,-89.30225,28067951102
1007876,34.047217,-81.151326,45063021106
1004178,34.98305,-78.78722,37051001401
1013363,30.21489,-97.30078,48021950505
1001851,34.7465,-78.8061,37017950302
1002287,46.839167,-119.174722,53001950400
1005476,40.849959,-101.532913,31135959300
1000041,43.06139,-87.89162,55079007700
1003096,41.023749,-98.87511,31019968900
1006573,34.310398,-78.013057,37129011503
1007804,35.061315,-85.323309,47065010901
1005217,43.210491,-78.365416,36073040300
1002576,43.1691,-76.3112,36067011401
1004657,43.67372,-94.50643,27091790600
1002054,43.6,-96.71,46099000100
1002834,44.443738,-71.187308,33007950900
1004702,46.073186,-96.886775,38077971400
1001726,38.20874,-85.7925,21111012802
1006892,32.4167,-86.4667,01001020801
1009702,43.834338,-85.354062,26133970501
1000304,46.3504,-96.641386,38077970800
1007830,43.897083,-95.045278,27033270400
1003593,40.1309,-77.1705,42041012600
1008553,34.864542,-85.787834,01071950302
1006007,43.29083,-93.39027,19195690200
1002988,41.12639,-85.89325,18085962500
1002915,42.82407,-71.485564,33011014102
1001924,42.64085,-95.1884,19021960400
1001157,46.878642,-102.296038,38089963300
1007529,42.732855,-96.252702,19149970600
1014397,32.821,-96.91685,48113020100
1002637,35.03532,-80.082805,37007920400
1007809,39.7481,-92.3851,29121960300
1004332,40.7549,-95.3953,19071970100
1004761,44.9589,-90.9608,55017010900
1004136,35.3306,-77.4772,37107010100
1002258,35.09502,-89.99089,47157007810
1002069,43.10102,-94.65419,19147960300
1004366,33.625378,-83.832288,13217100301
1002674,37.48357,-89.507477,29031880100
1005095,29.6209,-95.086874,48201343700
1001762,44.27033,-88.30358,55087012000
1001913,35.739778,-95.286917,40101001301
1001739,44.8378,-108.4054,56003962800
1011961,30.8325,-83.248056,13185010801
1006367,44.2143,-86.2847,26101000700
1001923,40.761111,-99.736944,31047968400
1002965,29.9761,-94.2183,48245011402
1010759,35.01921,-81.78054,45021970102
1002882,40.18682,-84.86226,18135951400
1005149,44.049412,-93.017379,27039950300
1005655,35.08368,-90.04458,47157005600
1004669,28.168056,-82.141667,12057010108
1000045,38.75087,-93.326088,29159480200
1001748,33.368108,-82.010626,13245010706
1006975,30.646996,-91.265322,22033004603
1000401,35.7433,-84.3208,47105060201
1005386,44.8762,-97.1148,46029954501
1004792,38.271522,-95.237414,20003953600
1006942,40.455978,-104.857553,08123002203
1005935,40.86667,-96.619116,31109000100
1005938,34.04807,-117.53933,06071012700
1005520,40.579722,-96.964722,31151960900
1004227,29.71629,-95.08965,48201343601
1003146,42.512112,-93.264461,19083480200
1004190,35.0313,-89.8822,47157022600
1000415,41.6552,-86.2962,18141002800
1000197,37.748,-99.984806,20057962101
1000590,44.52031,-88.0054,55009000900
1005768,40.999327,-75.146544,42089300501
1001735,37.421613,-120.850431,06047000403
1003150,41.6775,-97.982222,31011960200
1006214,38.358133,-82.593916,54099020400
1005115,36.81342,-87.41009,21047201301
1005712,42.53382,-114.43737,16083000600
1005053,41.423056,-96.485278,31053964400
1007263,45.855921,-119.656083,41049970102
1002662,43.5701,-89.0661,55021970100
1002349,41.642464,-103.07579,31123952500
1008750,39.370495,-81.515306,39167020300
1003451,29.60407,-95.01689,48201341600
1006208,41.8196,-90.2122,19045000200
1005322,42.45709,-93.05623,19083480100
1010825,30.04918,-90.68403,22093040100
1002230,36.1821,-119.33512,06107003100
1007819,34.180594,-101.627387,48189950600
1005170,38.67995,-90.17185,17119400200
1005853,40.41393,-85.01926,18075963100
1011252,35.18367,-90.04412,47157000100
1004230,43.6861,-92.0917,27045960200
1000523,40.67991,-78.23557,42013010102
1005979,40.01463,-75.05434,42101038100
1000615,42.5524,-114.4827,16083001202
1006273,44.45508,-93.16991,27131070602
1001143,45.327,-95.6377,27151960300
1004621,29.759767,-94.907294,48071710202
1004536,40.75117,-81.51088,39151714600
1000589,44.49367,-88.029916,55009000800
1002098,35.097355,-92.73854,05029950600
1007847,39.197222,-93.386389,29195090200
1004987,31.770486,-84.781229,13243790200
1005220,42.979024,-85.903336,26139024401
1007063,45.453963,-98.137741,46013951900
1000427,40.795056,-85.825611,18169102800
1006731,33.3286,-81.9537,13245010706
1002179,35.77167,-84.33065,47105060201
1004656,44.1572,-94.0309,27013170800
1000855,41.4514,-97.095,31037964800
1000348,34.8456,-80.8942,45091061203
1000019,41.859603,-103.637032,31157953700
1007933,42.259646,-84.789726,26025003600
1008708,37.302012,-77.264354,51670980100
1006081,38.731961,-84.407214,21191930102
1000063,40.585,-98.318889,31001965400
1001712,29.72613,-95.10802,48201343601
1002963,31.492253,-87.898805,01025957902
1005012,32.276643,-92.727371,22049970200
1011729,37.49572,-77.43354,51760060700
1006667,28.812639,-81.865221,12069030602
1007964,32.453775,-87.977104,01091973400
1001677,40.483359,-99.077224,31099966600
1005653,30.7766,-89.8577,22117950900
1006703,33.360815,-88.458046,28087001100
1007627,31.621457,-90.079369,28077960100
1006936,39.760046,-99.304262,20147475300
1004017,44.382194,-123.159618,41043030600
1004821,40.84121,-84.3423,39161020500
1002893,46.10396,-118.9184,53071920000
1006847,43.616667,-88.716667,55027960200
1002205,37.392,-120.725,06047000301
1010679,40.70483,-84.08,39003013800
1000407,35.0828,-90.137200000000007,47157980200
1000032,39.281072,-81.637901,39167020202
1007824,36.04927,-102.00131,48341950201
1013820,41.12029,-80.35955,42073010202
1002154,44.186805,-93.995493,27013170300
1002713,36.80376,-76.28578,51550020500
1004599,40.8412,-84.9307,18001030300
1003855,42.0603,-94.23832,19073080100
1005383,36.419221,-89.005841,47131965600
1008025,31.244429,-89.045353,28111950102
1001912,42.509748,-92.26207,19013001900
1000229,35.8628,-76.7831,37117970100
1001985,43.667577,-116.73112,16027021801
1003498,42.3289,-93.6626,19079960200
1005624,43.635005,-95.566372,27105105100
1001090,41.694444,-87.515833,18089020200
1001267,32.644444,-97.319167,48439106002
1005073,45.9597,-86.2554,26153000300
1006878,48.593129,-97.173682,38067950500
1002832,47.131732,-119.18926,53025011002
1000907,37.09209,-120.9255,06047002100
1003901,44.57046,-95.11507,27127750200
1001733,31.905326,-93.173636,22069000200
1002433,39.679788,-85.687207,18145710100
1007561,44.00999,-107.96949,56043000302
1007176,36.083371,-87.93641,47085130200
1003943,37.5108,-78.9103,51009010202
1002339,44.2829,-88.2518,55087012300
1006296,42.948333,-114.6325,16047960102
1006722,40.92204,-98.3204,31079001000
1002346,39.99379,-90.404577,17017960300
1002696,35.374056,-93.5695,05083950100
1002865,39.561,-95.1333,20005081900
1005994,33.64108,-94.11243,05081030101
1005969,40.719022,-86.435982,18017951800
1011640,43.606826,-116.491937,16027021104
1006608,43.308507,-73.634808,36113070500
1001827,38,-101.026111,20055960100
1006445,37.76078,-120.84308,06099000202
1006360,46.122749,-122.974048,53015980000
1006054,42.669167,-93.904444,19197680500
1006008,26.734722,-80.9375,12051000200
1003061,41.983851,-91.667123,19113001300
1002036,31.5491,-84.1078,13095010702
1003135,42.76601,-85.07428,26045020700
1009708,27.891566,-81.800572,12105015301
1005780,34.7724,-79.325,37155960403
1005651,45.845558,-119.682827,41049970101
1004898,32.4861,-83.6087,13153021501
1005751,47.925833,-97.006111,27119020200
1004024,32.7454,-96.80715,48113021000
1000166,36.4769,-77.6414,37083930200
1000183,39.3265,-82.9744,39141956500
1005959,36.54799,-82.56475,47163040200
1003779,44.297222,-96.717222,46011958600
1002442,30.14578,-85.6212,12005001000
1007453,32.297817,-81.190961,13103030308
1007730,41.119594,-83.971018,39137030100
1001780,35.027817,-81.87896,45083022411
1000305,33.3278,-86.3583,01121011200
1010674,38.31025,-86.983806,18037953200
1002846,30.7677,-91.27633,22125951803
1001071,43.53731,-89.10315,55021970100
1000442,32.836248,-92.37931,22111960100
1000040,42.424893,-96.514309,31043010400
1000891,36.850693,-120.644469,06019008402
1000903,37.11465,-120.94311,06047002100
1004886,31.74221,-81.406519,13179010600
1010356,34.5992,-102.7736,48369950200
1002113,31.969744,-87.480695,01131035100
1002082,38.28959,-98.19522,20159967300
1000353,34.387,-80.0663,45031010300
1003007,29.716059,-95.189998,48201324102
1006364,36.28305,-89.147607,47131965400
1002047,45.459444,-98.5325,46013951300
1011855,41.1494,-83.43295,39063000100
1003081,30.233028,-89.561667,28045030400
1007402,41.166846,-95.792068,19155031900
1003048,44.7024,-69.6472,23025966701
1006788,32.425,-86.8694,01047956101
1000961,37.894847,-86.685793,21091960100
1006776,33.9984,-95.1115,40089098400
1006120,28.7875,-95.943056,48321730502
1011980,40.404991,-86.904484,18157011100
1005738,32.15889,-93.55667,22031950300
1004705,46.429589,-116.973741,16069960300
1006022,45.050596,-91.980063,55033970200
1006988,44.95966,-93.19341,27123033200
1001803,35.77262,-79.82243,37151030400
1004528,37.807747,-85.687444,21179930600
1011725,40.218922,-93.121535,29211480300
1004708,41.408978,-88.210161,17197883306
1003377,37.905263,-87.722552,18129040400
1002861,36.01745,-83.20576,47029920200
1005020,44.100799,-94.275835,27013170900
1002284,44.454601,-89.540802,55097960701
1003320,45.804799,-87.08978,26041970400
1002213,41.21967,-96.06252,31055007409
1006672,43.80342,-98.10491,46035962600
1005998,45.582929,-122.407758,53011041400
1006919,38.209317,-85.847511,21111012701
1005864,32.9098,-115.5668,06025011001
1005374,41.27697,-89.31724,17155954600
1003304,39.55713,-82.94526,39129021700
1006865,46.908056,-98.623611,38093967000
1007917,31.580112,-87.490073,01099075700
1000311,35.2964,-84.7569,47107970802
1012857,44.556959,-87.764596,55061960402
1001069,34.59459,-98.50129,40031000403
1014521,42.545066,-114.411364,16083000600
1006104,38.68034,-121.75794,06113010800
1004765,43.433852,-97.260926,46125965100
1000409,42.3049,-85.5783,26077000202
1005517,37.0032,-121.53963,06085512602
1005075,34.60561,-86.96896,01103000100
1005513,42.383322,-76.864083,36097950400
1001154,42.739417,-111.541421,16029960200
1005940,48.062189,-100.924361,38049955900
1005207,33.567239,-101.83558,48303002500
1002152,34.20915,-119.14208000000001,06111004902
1006242,35.37745,-76.778816,37013930800
1007525,40.941948,-85.807883,18169102400
1006080,34.997921,-85.318581,47065001900
1003637,41.03082,-78.4298,42033331100
1003944,29.726493,-95.089772,48201343601
1002867,34.22132,-118.48044,06037127400
1002438,41.12723,-77.45586,42035030701
1011192,37.78571,-84.86787,21167960200
1000624,47.26384,-122.425332,53053060200
1000466,40.6776,-89.6069,17143005100
1002272,30.676393,-81.457934,12089050102
1001136,32.3102,-86.5242,01085780800
1005019,37.01433,-89.17734,17003957800
1003224,29.774444,-95.270833,48201212500
1000593,44.506335,-70.238607,23007971400
1005991,45.6391,-89.421,55085971400
1000232,36.5192,-82.535,47163040200
1005038,37.8181,-77.4375,51085320100
1003842,41.334533,-88.755775,17099962300
1002883,32.362972,-89.539806,28123020600
1006083,40.56492,-85.72772,18053010100
1002074,44.374508,-98.253288,46005956800
1000607,46.651744,-118.872717,53021020802
1001906,30.662356,-81.47105,12089050204
1003714,40.933056,-87.067222,18073101200
1006010,30.501722,-91.185833,22033003000
1007994,48.605458,-93.406703,27071790202
1003970,42.7363,-92.6174,19023070100
1001825,44.52666,-87.99876,55009000900
1002037,38.5961,-90.2128,29510124600
1000857,43.576024,-93.301823,27047180700
1002305,30.3387,-94.06635,48241950701
1002989,39.597501,-83.390444,39047925800
1006594,36.29984,-119.81154,06031000402
1003633,34.2667,-92.0334,05069000502
1002615,36.22748,-95.27968,40097040400
1006570,43.04212,-87.96307,55079012300
1004276,41.89246,-89.03439,17141961100
1006625,41.04268,-81.54533,39153505900
1011964,43.838063,-111.783121,16065950103
1003280,30.6949,-83.30442,13185011405
1004114,41.3981,-91.0611,19139051000
1003327,44.4289,-89.7817,55141011000
1002823,31.163888,-85.097444,13099090500
1002925,39.845474,-75.209486,34015500205
1005037,42.60008,-72.37838,25011040400
1007098,44.797076,-95.170752,27129790400
1000606,42.765556,-112.913333,16077960200
1011627,40.21722,-81.860287,39031961200
1006084,41.860516,-94.630625,19077950200
1002013,45.10465,-87.65005,55075961300
1002962,40.480306,-96.541417,31067964600
1002950,43.760415,-94.149858,27043460200
1001838,41.84096,-94.12596,19049050400
1005035,42.9089,-112.5239,16077960100
1001678,39.74025,-94.846817,29021003001
1006885,43.8914,-73.3961,36031961201
1004731,46.31158,-96.13374,27111960800
1006803,32.10387,-81.123062,13051980000
1001723,44.91166,-98.50145,46115000100
1006970,40.039871,-85.746274,18095011501
1006479,40.416952,-104.675853,08123000705
1014021,36.215944,-90.958167,05121960100
1006626,37.815814,-87.589317,21101020602
1000378,32.894,-111.78312,04021001307
1009221,33.866387,-81.012712,45017950100
1007196,36.9461,-89.0792,21007950300
1001783,45.76981,-108.49823,30111000300
1002057,31.5933,-84.08805,13095011200
1003513,39.125992,-94.57328,29047022100
1004799,34.829833,-102.363833,48117950600
1004529,37.92905,-85.652687,21029021102
1006193,44.51942,-89.58392,55097961102
1005146,37.656628,-87.51415,21101020800
1006525,41.969519,-91.648447,19113002700
1006209,32.2531,-84.0691,13193000300
1001807,31.658978,-81.84287,13305970600
1002881,36.39893,-88.99401,47131965800
1002033,33.056714,-79.941352,45015020602
1002874,36.20458,-119.34263,06107002901
1000034,41.626329,-93.583205,19153000300
1002327,38.053497,-97.929626,20155000600
1010046,32.5749,-89.32429,28123020102
1003975,34.2306,-82.05776,45047970702
1000016,35.95458,-80.72108,37097060802
1001823,40.26269,-103.80612,08087000300
1001882,32.14389,-81.14666,13051010701
1006662,40.198059,-100.977807,31087962700
1011974,35.697861,-101.355306,48233951000
1004952,37.885,-75.555278,51001090300
1002124,39.36314,-93.45364,29033960300
1005119,47.717982,-104.133124,30083070400
1006030,43.096842,-96.477478,46083010400
1010003,36.1812,-120.1526,06019007801
1006377,33.66027,-83.98889,13247060305
1000904,39.1264,-122.1251,06011000301
1006801,30.560139,-91.2055,22033003000
1007014,41.64415,-111.86086,49005001402
1005683,42.45924,-96.5995,31043010400
1005422,39.495168,-80.127906,54049020500
1006258,42.50131,-96.39109,19193000100
1003470,32.77259,-83.63014,13021013900
1006783,40.74667,-86.56778,18017951100
1005960,42.47684,-95.41516,19093090100
1004984,39.251327,-91.638102,29007950200
1001663,44.24073,-86.31005,26101000700
1002894,34.511972,-91.539639,05001480300
1011656,37.68962,-98.70704,20151968600
1000093,42.8158,-73.6728,36091062700
1006946,43.663889,-94.582222,27091790300
1010026,33.491028,-90.513694,28133950300
1006467,30.440833,-82.788056,12047960300
1002285,42.532497,-113.836752,16031950500
1002960,32.159139,-90.256556,28049011103
1010327,41.000833,-92.391389,19179960500
1002879,39.1347,-84.7122,39061020401
1005361,28.056094,-81.799088,12105013103
1003834,41.5236,-94.3819,19077950300
1006690,37.052611,-100.8995,20175965700
1013246,38.366389,-78.937778,51165011600
1002862,44.19793,-88.45321,55139003000
1002737,36.140066,-77.224466,37015960300
1006877,46.903056,-96.759722,27027030106
1005791,40.722139,-85.193722,18179040600
1002632,41.969745,-91.665736,19113002600
1002173,44.7999,-95.4869,27023950300
1007574,29.704027,-95.079932,48201343601
1000334,39.8466,-88.9261,17115001100
1013961,43.29166,-84.5743,26057000200
1006048,34.14176,-119.18398,06111004715
1013817,30.049622,-93.772226,48361020300
1006425,41.53397,-96.0979,31177050102
1005062,34.63147,-87.03843,01103005101
1001720,39.55762,-82.96377,39129021700
1005817,27.85118,-82.2599,12057013923
1002708,33.705796,-91.238099,05041950100
1002356,40.471085,-88.39574,17053962000
1004809,34.262343,-92.077602,05069000303
1006213,34.838207,-78.035053,37061090804
1003525,40.69161,-74.192794,34013980200
1006312,43.4807,-83.3963,26157000700
1006580,33.40588,-111.953199,04013319705
1007511,37.9072,-87.9271,18129040500
1010345,36.2784,-119.80047,06031000402
1006699,37.70884,-97.32938,20173000400
1006055,40.6375,-103.190556,08075966200
1006147,30.433075,-81.647505,12031010307
1007277,35.64397,-88.776334,47113001402
1006047,41.928594,-91.687203,19113003004
1005661,39.8675,-88.885,17115002100
1004254,41.412452,-84.143514,39069000300
1006691,28.6753,-96.5495,48057000300
1005657,36.0094,-119.3054,06107003201
1001865,41.17277,-95.8241,19155031900
1004982,39.51827,-84.390926,39017014400
1002916,41.42139,-97.288612,31141965500
1004983,41.86392,-71.89399,09015904400
1003837,45.137845,-94.807119,27067781100
1004067,34.347647,-86.287392,01095030702
1005988,40.37909,-86.83882,18157001702
1002148,42.51899,-98.9596,31089974200
1006814,30.1928,-93.32524,22019003200
1000276,34.2337,-80.658,45055970403
1004713,45.301333,-96.511361,46051953100
1013376,43.09212,-79.01389,36063021700
1000807,30.225083,-91.069424,22047953200
1003488,41.45263,-72.13475,09011695201
1004640,38.6335,-87.2262,18027954600
1001630,29.63515,-95.0576,48201343700
1005677,40.284167,-86.556944,18023950400
1007461,37.63617,-120.99151,06099001800
1002309,43.06633,-78.29677,36037950200
1004767,30.325882,-91.261732,22121020402
1005826,34.6416,-87.05203,01103005101
1005022,29.939266,-90.348408,22089062200
1011582,43.00655,-84.37922,26037011001
1005586,44.23202,-95.30027,27127750600
1002083,40.12434,-102.6771,08125963200
1001892,45.7952,-87.9576,26043950300
1013656,38.21657,-84.86974,21073071200
1002177,45.5747,-95.9108,27149480300
1006061,37.82256,-87.30449,21059001300
1002995,42.82085,-95.7609,19035080300
1004633,42.30956,-85.16164,26025000700
1007571,35.03104,-78.86301,37051001500
1010363,34.954075,-79.809005,37153970300
1000872,44.111944,-93.678611,27161790100
1006274,29.8742,-94.9122,48071710100
1006063,42.8184,-82.4858,26147642000
1002067,40.58971,-98.33963,31001965600
1006694,40.69874,-97.567402,31185969900
1014109,26.705464,-80.649438,12099008101
1004113,43.30467,-73.63885,36091060200
1000344,41.109722,-97.971389,31121966800
1002394,35.398465,-119.322016,06029006600
1006637,39.8242,-84.1747,39113080700
1003352,40.619722,-105.006111,08069001308
1006962,32.21501,-88.008365,01023956700
1006114,40.294347,-85.654444,18095010500
1012009,34.049858,-86.577483,01009050501
1002032,42.5949,-89.66691,55045960500
1007565,41.98905,-95.39912,19047070300
1006319,46.323539,-96.61592,38077970900
1005051,43.99187,-90.07219,55057100301
1004490,43.066639,-94.679167,19147960200
1003568,39.760555,-105.215,08059009901
1005732,48.093793,-122.796806,53031950501
1009795,30.08367,-90.91325,22093040500
1005948,31.079517,-87.115274,01053969900
1002283,46.660278,-67.902222,23003951700
1006256,30.8627,-93.3751,22011960200
1005746,33.532806,-93.812694,05091020901
1004396,44.3143,-89.8962,55141011700
1000602,32.486859,-92.151686,22073005800
1000319,34.1519,-79.5587,45041001700
1006469,41.393398,-89.872214,17073030500
1004083,44.873593,-88.14389,55083101200
1002733,31.173147,-81.519247,13127000702
1010658,40.870035,-98.045509,31081969300
1006412,42.611671,-113.757423,16067970100
1013622,44.69334,-100.062568,46119979100
1006262,33.8872,-80.6397,45079012000
1007881,41.16226,-92.6361,19123950300
1004530,39.098667,-84.860861,18029080301
1013637,43.44488,-116.27435,16001010501
1011859,40.655278,-80.356389,42007605500
1006354,47.764444,-96.6325,27119020500
1002904,39.45241,-84.4765,39017015100
1003476,39.169552,-91.879288,29007950400
1014429,41.22394,-96.5412,31155968400
1005929,43.862199,-95.300983,27033270300
1003654,30.196621,-93.32629,22019003200
1013891,45.474311,-98.416005,46013951400
1006760,34.253517,-85.329016,13115001400
1004091,37.960326,-100.835914,20055960501
1003573,42.507192,-93.28041,19083480300
1002184,27.909614,-81.600433,12105014301
1009523,43.27694,-95.80833,19143460200
1010974,35.31852,-81.6101,37045951300
1007135,29.681083,-81.680217,12107950600
1000627,37.336111,-77.2825,51041100403
1003907,44.541944,-94.341667,27143170200
1007912,33.364166,-79.303279,45043920602
1004615,41.045666,-81.541763,39153505900
1003737,42.02344,-93.51171,19169000101
1002710,37.736111,-75.656111,51001090500
1002149,44.055179,-122.952998,41039001903
1004961,38.05416,-97.88538,20155001100
1004194,36.543164,-94.583079,29119070300
1006609,43.705647,-95.456507,27105105100
1005838,46.4087,-86.6455,26003000100
1013489,37.6312,-120.9231,06099002002
1008767,43.2699,-73.58769,36115088002
1000256,37.7997,-79.9946,51005080301
1003753,41.683889,-76.240833,42015951100
1004105,38.40497,-96.17098,20111000500
1000240,32.504129,-82.844859,13175951001
1007220,37.7428,-99.9511,20057961802
1002215,40.0879,-76.3847,42071011707
1000793,38.663697,-82.16883,54053955102
1005812,41.56769,-98.81558,31175971300
1011973,33.95649,-94.756928,40089098501
1013287,41.41772,-95.03182,19029190500
1006203,37.107705,-100.796294,20175965600
1000258,36.6803,-76.9128,51093280400
1002176,39.271944,-81.661667,54107010901
1007264,42.521324,-113.815693,16031950500
1002443,40.831385,-91.220606,19057001100
1005623,29.987664,-93.944972,48245010800
1007523,40.746088,-99.767869,31047968600
1001244,41.573,-76.0426,42131400200
1000611,46.288137,-119.115336,53021020608
1002614,40.611184,-88.181952,17053961700
1011979,41.4406,-87.0194,18127051009
1011277,38.633617,-78.784769,51165010802
1000360,44.5375,-88.08259,55009020502
1004262,37.389395,-120.667617,06047000505
1004277,36.23045,-115.12944,32003003626
1012948,39.763889,-75.422778,34033020100
1001967,43.096447,-92.744994,19067480100
1003205,37.13375,-79.26404,51031020700
1006356,33.146581,-94.984331,48449950302
1006366,44.551986,-70.540525,23017965500
1002241,38.21078,-85.84149,21111012701
1002627,43.49951,-92.91709,19131560200
1007093,43.980233,-88.651815,55139002002
1012516,36.032491,-80.228696,37067003500
1006856,30.044944,-93.788028,48361020300
1006896,41.01228,-76.85868,42097080302
1012645,45.842373,-119.673432,41049970101
1002703,40.81568,-98.6076,31079001400
1006447,36.25488,-119.64794,06031001200
1006065,41.5567,-73.4102,09005425700
1011065,42.5063,-94.3121,19187010200
1003215,40.2853,-86.5479,18023950400
1000869,39.8439,-75.3575,42045410700
1013749,46.6137,-97.5769,38073968900
1013384,34.31782,-103.22356,35009000603
1011783,36.08211,-102.50911,48111950100
1008042,46.157035,-123.407836,41007951200
1002715,38.38242,-75.52609,24045010603
1004608,43.035135,-88.791556,55055100700
1006809,45.997706,-94.8606,27153790600
1000376,39.903884,-91.410552,17001010600
1001710,29.725667,-95.151667,48201324102
1004079,42.639333,-92.031139,19019950200
1010610,37.80725,-94.585301,29217950500
1002365,42.305176,-96.362271,19193003500
1010722,47.075778,-119.222474,53025011001
1002379,42.531389,-94.293333,19187010200
1006904,34.2557,-84.7825,13015960407
1002909,45.872608,-96.725109,46109940700
1007846,30.42,-81.604167,12031010202
1007548,30.186144,-93.331209,22019003200
1003176,37.237518,-76.652662,51095080104
1007214,33.13607,-91.96705,05003960600
1006994,32.46143,-93.71228,22017022800
1006155,38.6011,-75.2629,10005050703
1014644,46.202338,-119.776211,53005011702
1000037,41.5514,-90.2256,17161020101
1006343,43.741,-83.4483,26063950800
1007273,44.7887,-89.6943,55073001204
1004331,43.431367,-94.95422,19059451000
1001859,39.28023,-76.57112,24510261100
1005050,45.356397,-122.614836,41005020602
1010991,40.768389,-87.152694,18073101300
1004365,27.487024,-82.551166,12081000703
1004584,43.472883,-83.410497,26157000600
1000261,41.7775,-87.8233,17031820501
1004222,44.205278,-88.455026,55139002900
1012380,42.51807,-88.98482,55105002602
1004526,43.37163,-96.964265,46125965100
1006490,37.933569,-87.873408,18129040700
1001680,35.258611,-101.642222,48375014401
1002804,46.837778,-119.176389,53001950400
1013855,36.214105000000004,-90.958468,05121960100
1006453,28.993626,-95.357721,48039664200
1002187,30.736214,-88.0483,01097003800
1004205,38.47661,-121.80385,06095253300
1006912,41.17562,-83.3806,39147962800
1003087,41.5383,-109.128,56037971200
1012094,36.837434,-120.447681,06019008403
1006617,33.718056,-95.568222,48277000600
1008786,38.195278,-85.872222,21111012702
1011708,32.439278,-94.688436,48203020604
1004861,40.556501,-89.666235,17179020900
1004737,35.10865,-85.247269,47065010501
1005415,42.02579,-95.36125,19047070401
1013898,39.331178,-84.483833,39017010909
1005293,44.48188,-89.56839,55097961102
1003966,42.860644,-74.025053,36093032602
1011314,31.500857,-85.903705,01031010200
1006552,38.90005,-98.84066,20167973800
1014626,44.188073,-88.460072,55139003300
1013721,35.276484,-93.092555,05115951301
1005707,43.612136,-116.579232,16027021008
1000405,39.12461,-100.738037,20063955300
1004867,30.2594,-91.1737,22047953102
1010743,34.455,-82.68293,45007011901
1013538,42.812378,-85.99931,26139022900
1013270,35.285359,-86.368475,47127930200
1007137,29.772089,-95.019464,48201254800
1012930,33.74063,-93.61436,05057480102
1007871,42.32335,-85.20758,26025004100
1000328,34.170552,-103.36991,35041000401
1003607,45.46343,-91.08877,55107960500
1012864,42.709612,-114.527559,16053970502
1004103,43.1468,-97.7264,46009967600
1006874,44.3244,-96.9048,46011958700
1013984,39.56604,-85.82205,18145710300
1014575,30.55991,-91.20212,22033004203
1003495,35.087889,-78.844949,37051002600
1004500,34.7663,-87.890501,01033020902
1006111,40.103056,-82.993056,39049009900
1012554,45.667393,-94.798139,27145010600
1011751,39.059284,-78.97118,54031970201
1006466,35.159551,-89.959858,47157001400
1012424,43.05984,-85.94879,26139020200
1012181,46.118735,-122.968082,53015980000
1004033,40.762424,-88.014319,17075950600
1007515,39.128189,-78.190829,51069050900
1000248,42.4641,-85.6941,26005031900
1013624,37.78682,-97.53099,20173010500
1001772,41.982778,-91.670556,19113001900
1014710,43.91355,-88.72623,55139002002
1001963,40.26916,-79.90549,42003564500
1013902,36.67816,-76.91079,51093280400
1013279,44.828889,-91.509167,55035000600
1013821,32.74109,-83.64578,13021013502
1014819,42.72837,-92.62315,19023070500
1014832,34.01515,-118.22445,06037206051
1013683,39.545833,-82.941944,39129021700
1014583,43.019113,-84.549654,26037010901
1013627,38.24408,-85.78067,21111002700
1013971,35.811205,-90.564021,05031000502
1014852,34.240417,-94.334833,05113950600
1013643,44.579444,-97.210556,46057955200
1012993,39.97553,-82.98999,39049003000
