facility_id,nei_id,match_type,match_score
1000015,8010611,FRS Link,NA
1000016,8296911,FRS Link,NA
1000017,8099711,FRS Link,NA
1000019,7767911,FRS Link,NA
1000032,8130511,FRS Link,NA
1000034,3163611,FRS Link,NA
1000041,7097011,FRS Link,NA
1000042,4778711,FRS Link,NA
1000043,9132211,FRS Link,NA
1000045,7286911,FRS Link,NA
1000066,10139311,FRS Link,NA
1000089,4950811,FRS Link,NA
1000158,985511,FRS Link,NA
1000166,8048011,FRS Link,NA
1000183,8131111,FRS Link,NA
1000186,7937611,FRS Link,NA
1000228,8505211,FRS Link,NA
1000228,7980211,FRS Link,NA
1000230,7920511,FRS Link,NA
1000240,2613811,FRS Link,NA
1000248,7257611,FRS Link,NA
1000254,4878711,FRS Link,NA
1000256,5798711,FRS Link,NA
1000258,5747111,FRS Link,NA
1000261,946411,FRS Link,NA
1000272,5782311,FRS Link,NA
1000276,4762411,FRS Link,NA
1000297,4723811,FRS Link,NA
1000304,10612711,FRS Link,NA
1000305,7441011,FRS Link,NA
1000311,6444111,FRS Link,NA
1000319,4758811,FRS Link,NA
1000324,6518011,FRS Link,NA
1000325,999411,FRS Link,NA
1000334,7793311,FRS Link,NA
1000336,8137811,FRS Link,NA
1000342,8209311,FRS Link,NA
1000344,9423711,FRS Link,NA
1000348,4054911,FRS Link,NA
1000352,16670511,FRS Link,NA
1000353,6639911,FRS Link,NA
1000357,3935911,FRS Link,NA
1000360,5065611,FRS Link,NA
1000376,3345211,FRS Link,NA
1000377,6877911,FRS Link,NA
1000401,4129211,FRS Link,NA
1000405,9647411,FRS Link,NA
1000407,5723011,FRS Link,NA
1000409,5696511,FRS Link,NA
1000413,8065311,FRS Link,NA
1000415,5552411,FRS Link,NA
1000426,4973611,FRS Link,NA
1000427,4148511,FRS Link,NA
1000466,7361511,FRS Link,NA
1000466,4817211,FRS Link,NA
1000523,9248211,FRS Link,NA
1000590,4943811,FRS Link,NA
1000592,8465311,FRS Link,NA
1000603,7206311,FRS Link,NA
1000605,4863711,FRS Link,NA
1000606,2300311,FRS Link,NA
1000610,6166611,FRS Link,NA
1000615,3226511,FRS Link,NA
1000618,7996311,FRS Link,NA
1000619,4168911,FRS Link,NA
1000624,4880911,FRS Link,NA
1000625,8467611,FRS Link,NA
1000627,5747311,FRS Link,NA
1000628,1062611,FRS Link,NA
1000629,7929511,FRS Link,NA
1000704,15062711,FRS Link,NA
1000704,16984911,FRS Link,NA
1000708,924811,FRS Link,NA
1000793,4782711,FRS Link,NA
1000807,5505011,FRS Link,NA
1000816,8467311,FRS Link,NA
1000816,21966411,FRS Link,NA
1000857,8484711,FRS Link,NA
1000872,16001411,FRS Link,NA
1000891,528511,FRS Link,NA
1000904,76811,FRS Link,NA
1000961,9619211,FRS Link,NA
1000961,7351011,FRS Link,NA
1001068,7718811,FRS Link,NA
1001090,8163611,FRS Link,NA
1001136,1020111,FRS Link,NA
1001143,6369311,FRS Link,NA
1001154,948411,FRS Link,NA
1001155,7972111,FRS Link,NA
1001157,10613611,FRS Link,NA
1001244,4952011,FRS Link,NA
1001262,4843411,FRS Link,NA
1001293,3939711,FRS Link,NA
1001562,7444511,FRS Link,NA
1001624,8150311,FRS Link,NA
1001630,6655511,FRS Link,NA
1001630,17737311,FRS Link,NA
1001663,8228911,FRS Link,NA
1001666,8020211,FRS Link,NA
1001677,9429511,FRS Link,NA
1001678,6346611,FRS Link,NA
1001678,16936711,FRS Link,NA
1001680,10677711,FRS Link,NA
1001704,8059311,FRS Link,NA
1001705,5746611,FRS Link,NA
1001706,7445711,FRS Link,NA
1001708,8112011,FRS Link,NA
1001709,5609011,FRS Link,NA
1001710,4926411,FRS Link,NA
1001712,4778211,FRS Link,NA
1001712,4981011,FRS Link,NA
1001713,4057611,FRS Link,NA
1001713,17728311,FRS Link,NA
1001715,8026611,FRS Link,NA
1001715,7204811,FRS Link,NA
1001720,7997011,FRS Link,NA
1001723,15646111,FRS Link,NA
1001726,9612011,FRS Link,NA
1001733,7226811,FRS Link,NA
1001739,4864911,FRS Link,NA
1001741,7413111,FRS Link,NA
1001748,2547911,FRS Link,NA
1001771,8008411,FRS Link,NA
1001780,2843211,FRS Link,NA
1001783,8385611,FRS Link,NA
1001803,9260911,FRS Link,NA
1001807,556611,FRS Link,NA
1001818,11967211,FRS Link,NA
1001818,5748611,FRS Link,NA
1001823,897111,FRS Link,NA
1001825,4943611,FRS Link,NA
1001826,8159411,FRS Link,NA
1001827,3168211,FRS Link,NA
1001827,9636111,FRS Link,NA
1001839,7937111,FRS Link,NA
1001859,8027211,FRS Link,NA
1001861,8124011,FRS Link,NA
1001870,5861411,FRS Link,NA
1001882,3678111,FRS Link,NA
1001906,845811,FRS Link,NA
1001912,7740711,FRS Link,NA
1001915,7854011,FRS Link,NA
1001918,8243611,FRS Link,NA
1001923,6703211,FRS Link,NA
1001934,4897511,FRS Link,NA
1001936,7445611,FRS Link,NA
1001962,8020011,FRS Link,NA
1001967,15415811,FRS Link,NA
1001985,931511,FRS Link,NA
1001989,5608911,FRS Link,NA
1002011,8332511,FRS Link,NA
1002013,4771111,FRS Link,NA
1002032,9035811,FRS Link,NA
1002036,3709911,FRS Link,NA
1002037,7765811,FRS Link,NA
1002037,11804711,FRS Link,NA
1002040,4897811,FRS Link,NA
1002040,5632711,FRS Link,NA
1002042,16535711,FRS Link,NA
1002042,16535811,FRS Link,NA
1002044,9679911,FRS Link,NA
1002046,7445911,FRS Link,NA
1002046,12481011,FRS Link,NA
1002057,3709811,FRS Link,NA
1002069,7742111,FRS Link,NA
1002074,5805111,FRS Link,NA
1002082,12651511,FRS Link,NA
1002083,12876811,FRS Link,NA
1002098,991611,FRS Link,NA
1002113,1003611,FRS Link,NA
1002119,7250911,FRS Link,NA
1002120,7250911,FRS Link,NA
1002121,265811,FRS Link,NA
1002123,1469911,FRS Link,NA
1002124,12557611,FRS Link,NA
1002138,12800011,FRS Link,NA
1002146,6158411,FRS Link,NA
1002148,15083611,FRS Link,NA
1002152,5705911,FRS Link,NA
1002154,7611411,FRS Link,NA
1002166,8246211,FRS Link,NA
1002170,8081811,FRS Link,NA
1002173,9540011,FRS Link,NA
1002176,17634211,FRS Link,NA
1002177,7033611,FRS Link,NA
1002179,2971711,FRS Link,NA
1002187,1060811,FRS Link,NA
1002187,1060511,FRS Link,NA
1002188,7738611,FRS Link,NA
1002190,16871811,FRS Link,NA
1002203,7997111,FRS Link,NA
1002212,10678011,FRS Link,NA
1002230,1463011,FRS Link,NA
1002246,8121511,FRS Link,NA
1002246,12807611,FRS Link,NA
1002246,12807711,FRS Link,NA
1002246,12807511,FRS Link,NA
1002275,8185111,FRS Link,NA
1002285,2626911,FRS Link,NA
1002291,6202311,FRS Link,NA
1002301,7914611,FRS Link,NA
1002301,7381111,FRS Link,NA
1002309,8462911,FRS Link,NA
1002333,7814711,FRS Link,NA
1002339,6467811,FRS Link,NA
1002342,4958111,FRS Link,NA
1002346,1974811,FRS Link,NA
1002365,7789811,FRS Link,NA
1002379,9642211,FRS Link,NA
1002394,459211,FRS Link,NA
1002407,7433611,FRS Link,NA
1002430,7908111,FRS Link,NA
1002433,8201411,FRS Link,NA
1002438,12791211,FRS Link,NA
1002443,9653811,FRS Link,NA
1002505,15414611,FRS Link,NA
1002526,8289911,FRS Link,NA
1002529,7869311,FRS Link,NA
1002542,7416011,FRS Link,NA
1002548,8194311,FRS Link,NA
1002560,9656511,FRS Link,NA
1002576,7436211,FRS Link,NA
1002585,4962911,FRS Link,NA
1002606,8125311,FRS Link,NA
1002613,4777211,FRS Link,NA
1002614,2622311,FRS Link,NA
1002615,884511,FRS Link,NA
1002618,7904811,FRS Link,NA
1002618,7992711,FRS Link,NA
1002627,15416011,FRS Link,NA
1002632,7891211,FRS Link,NA
1002635,3119011,FRS Link,NA
1002637,7811111,FRS Link,NA
1002652,4621011,FRS Link,NA
1002674,8230611,FRS Link,NA
1002690,15415111,FRS Link,NA
1002698,6116311,FRS Link,NA
1002708,1134111,FRS Link,NA
1002709,4963911,FRS Link,NA
1002710,17644111,FRS Link,NA
1002713,6682311,FRS Link,NA
1002713,5694411,FRS Link,NA
1002715,7764011,FRS Link,NA
1002733,3721011,FRS Link,NA
1002736,7914911,FRS Link,NA
1002749,7432211,FRS Link,NA
1002758,4182311,FRS Link,NA
1002790,7741911,FRS Link,NA
1002832,17057611,FRS Link,NA
1002834,7866711,FRS Link,NA
1002859,4925111,FRS Link,NA
1002861,3097211,FRS Link,NA
1002865,8066311,FRS Link,NA
1002867,4083711,FRS Link,NA
1002871,7689611,FRS Link,NA
1002874,14384311,FRS Link,NA
1002874,2199011,FRS Link,NA
1002874,2198911,FRS Link,NA
1002879,8364911,FRS Link,NA
1002879,8364811,FRS Link,NA
1002879,8008211,FRS Link,NA
1002881,16942111,FRS Link,NA
1002882,15757711,FRS Link,NA
1002883,7837511,FRS Link,NA
1002904,8007211,FRS Link,NA
1002909,15647611,FRS Link,NA
1002915,7757611,FRS Link,NA
1002925,7200811,FRS Link,NA
1002927,5509711,FRS Link,NA
1002955,13571611,FRS Link,NA
1002955,8102411,FRS Link,NA
1002960,6801511,FRS Link,NA
1002962,16429011,FRS Link,NA
1002963,7211811,FRS Link,NA
1002975,5464011,FRS Link,NA
1002975,10716811,FRS Link,NA
1002975,8140211,FRS Link,NA
1002988,15006311,FRS Link,NA
1002991,4055511,FRS Link,NA
1002993,4945611,FRS Link,NA
1002995,9656311,FRS Link,NA
1003003,8215111,FRS Link,NA
1003003,16972411,FRS Link,NA
1003013,9607311,FRS Link,NA
1003048,8200111,FRS Link,NA
1003081,7274711,FRS Link,NA
1003096,16434111,FRS Link,NA
1003134,6535011,FRS Link,NA
1003135,13652611,FRS Link,NA
1003146,5384011,FRS Link,NA
1003150,15085111,FRS Link,NA
1003157,946711,FRS Link,NA
1003160,6616311,FRS Link,NA
1003160,6616211,FRS Link,NA
1003176,4178711,FRS Link,NA
1003186,6421511,FRS Link,NA
1003215,8165111,FRS Link,NA
1003224,4926211,FRS Link,NA
1003255,8465711,FRS Link,NA
1003261,11259911,FRS Link,NA
1003280,555311,FRS Link,NA
1003304,7996511,FRS Link,NA
1003304,13471611,FRS Link,NA
1003304,13572511,FRS Link,NA
1003320,8126511,FRS Link,NA
1003327,4193811,FRS Link,NA
1003352,4364111,FRS Link,NA
1003370,4827011,FRS Link,NA
1003377,16668611,FRS Link,NA
1003382,4190211,FRS Link,NA
1003385,17133711,FRS Link,NA
1003402,6536811,FRS Link,NA
1003429,10722911,FRS Link,NA
1003429,3930711,FRS Link,NA
1003444,902611,FRS Link,NA
1003448,5040611,FRS Link,NA
1003470,7414811,FRS Link,NA
1003476,6997911,FRS Link,NA
1003489,6083511,FRS Link,NA
1003495,8073211,FRS Link,NA
1003498,15415911,FRS Link,NA
1003501,976711,FRS Link,NA
1003533,5655811,FRS Link,NA
1003551,7440611,FRS Link,NA
1003568,896111,FRS Link,NA
1003573,9649711,FRS Link,NA
1003593,6463911,FRS Link,NA
1003607,7648511,FRS Link,NA
1003633,992511,FRS Link,NA
1003636,13865911,FRS Link,NA
1003637,19001611,FRS Link,NA
1003712,7425811,FRS Link,NA
1003714,16669811,FRS Link,NA
1003724,7680711,FRS Link,NA
1003737,12800311,FRS Link,NA
1003749,5606311,FRS Link,NA
1003752,15080311,FRS Link,NA
1003753,4702311,FRS Link,NA
1003780,6158311,FRS Link,NA
1003790,8130611,FRS Link,NA
1003837,9477911,FRS Link,NA
1003842,7339111,FRS Link,NA
1003855,15414811,FRS Link,NA
1003884,4985811,FRS Link,NA
1003903,8484111,FRS Link,NA
1003907,6930211,FRS Link,NA
1003910,9123011,FRS Link,NA
1003940,6616811,FRS Link,NA
1003954,16431911,FRS Link,NA
1003966,8107111,FRS Link,NA
1003970,15415611,FRS Link,NA
1003975,4802111,FRS Link,NA
1004017,7394911,FRS Link,NA
1004018,4182411,FRS Link,NA
1004022,897611,FRS Link,NA
1004033,5549011,FRS Link,NA
1004039,16408411,FRS Link,NA
1004045,4943911,FRS Link,NA
1004055,987011,FRS Link,NA
1004055,8418611,FRS Link,NA
1004067,1044511,FRS Link,NA
1004079,15415511,FRS Link,NA
1004083,6678711,FRS Link,NA
1004091,12651311,FRS Link,NA
1004098,7524811,FRS Link,NA
1004103,5805711,FRS Link,NA
1004105,5322511,FRS Link,NA
1004114,7741111,FRS Link,NA
1004114,10702011,FRS Link,NA
1004127,7914711,FRS Link,NA
1004133,10695411,FRS Link,NA
1004136,8124911,FRS Link,NA
1004178,8073511,FRS Link,NA
1004178,7763411,FRS Link,NA
1004178,8134511,FRS Link,NA
1004183,8384811,FRS Link,NA
1004190,5863711,FRS Link,NA
1004199,4966111,FRS Link,NA
1004205,621211,FRS Link,NA
1004206,999511,FRS Link,NA
1004208,8465611,FRS Link,NA
1004230,6374511,FRS Link,NA
1004234,5729211,FRS Link,NA
1004234,5847311,FRS Link,NA
1004236,7341911,FRS Link,NA
1004257,3906011,FRS Link,NA
1004262,4984411,FRS Link,NA
1004274,1082811,FRS Link,NA
1004277,15014511,FRS Link,NA
1004288,15414511,FRS Link,NA
1004307,976011,FRS Link,NA
1004314,8467311,FRS Link,NA
1004314,21966411,FRS Link,NA
1004331,15414711,FRS Link,NA
1004332,15415211,FRS Link,NA
1004365,537811,FRS Link,NA
1004396,4208011,FRS Link,NA
1004410,7351811,FRS Link,NA
1004477,7169111,FRS Link,NA
1004490,9670011,FRS Link,NA
1004504,9308811,FRS Link,NA
1004526,9162511,FRS Link,NA
1004528,5178511,FRS Link,NA
1004529,6021511,FRS Link,NA
1004530,8165511,FRS Link,NA
1004553,6356611,FRS Link,NA
1004554,554511,FRS Link,NA
1004570,9588611,FRS Link,NA
1004570,7228511,FRS Link,NA
1004584,6937411,FRS Link,NA
1004596,5286911,FRS Link,NA
1004615,8063311,FRS Link,NA
1004621,5729211,FRS Link,NA
1004621,5847311,FRS Link,NA
1004626,7844311,FRS Link,NA
1004640,8165311,FRS Link,NA
1004656,7622911,FRS Link,NA
1004668,9709911,FRS Link,NA
1004669,716311,FRS Link,NA
1004702,16663511,FRS Link,NA
1004708,4686211,FRS Link,NA
1004720,3811611,FRS Link,NA
1004720,5018911,FRS Link,NA
1004737,7951611,FRS Link,NA
1004737,4761311,FRS Link,NA
1004761,7658711,FRS Link,NA
1004765,15647911,FRS Link,NA
1004767,7931011,FRS Link,NA
1004791,8468111,FRS Link,NA
1004792,9639811,FRS Link,NA
1004798,5128911,FRS Link,NA
1004809,17956511,FRS Link,NA
1004821,7770211,FRS Link,NA
1004832,13882511,FRS Link,NA
1004833,7246511,FRS Link,NA
1004836,13603211,FRS Link,NA
1004836,6785311,FRS Link,NA
1004836,6772811,FRS Link,NA
1004836,8161811,FRS Link,NA
1004836,6772511,FRS Link,NA
1004836,6771911,FRS Link,NA
1004836,6772711,FRS Link,NA
1004836,6785511,FRS Link,NA
1004836,8481911,FRS Link,NA
1004861,4166411,FRS Link,NA
1004861,8017711,FRS Link,NA
1004867,7227111,FRS Link,NA
1004867,13610611,FRS Link,NA
1004874,4193911,FRS Link,NA
1004880,5862111,FRS Link,NA
1004886,553111,FRS Link,NA
1004900,7915011,FRS Link,NA
1004901,3679111,FRS Link,NA
1004902,14690911,FRS Link,NA
1004956,10290111,FRS Link,NA
1004961,5501011,FRS Link,NA
1004962,751411,FRS Link,NA
1004982,9303311,FRS Link,NA
1004985,5504811,FRS Link,NA
1004987,2533211,FRS Link,NA
1005012,8215211,FRS Link,NA
1005019,3347011,FRS Link,NA
1005020,9511511,FRS Link,NA
1005037,5140811,FRS Link,NA
1005038,6310111,FRS Link,NA
1005050,8417511,FRS Link,NA
1005051,12710211,FRS Link,NA
1005053,7853711,FRS Link,NA
1005062,869411,FRS Link,NA
1005062,948911,FRS Link,NA
1005073,6257811,FRS Link,NA
1005075,869311,FRS Link,NA
1005095,4019411,FRS Link,NA
1005114,8020311,FRS Link,NA
1005115,5896511,FRS Link,NA
1005115,13715611,FRS Link,NA
1005119,7618411,FRS Link,NA
1005127,4982111,FRS Link,NA
1005128,884711,FRS Link,NA
1005149,7026511,FRS Link,NA
1005156,7214611,FRS Link,NA
1005170,10832911,FRS Link,NA
1005207,4016411,FRS Link,NA
1005217,16669211,FRS Link,NA
1005284,6926711,FRS Link,NA
1005306,12800111,FRS Link,NA
1005312,5706111,FRS Link,NA
1005353,15647811,FRS Link,NA
1005361,714911,FRS Link,NA
1005369,9418911,FRS Link,NA
1005374,10848111,FRS Link,NA
1005374,16554011,FRS Link,NA
1005374,21291111,FRS Link,NA
1005378,2425111,FRS Link,NA
1005382,16846311,FRS Link,NA
1005383,3112711,FRS Link,NA
1005422,6901611,FRS Link,NA
1005424,7938511,FRS Link,NA
1005425,8059911,FRS Link,NA
1005434,9617411,FRS Link,NA
1005465,7940111,FRS Link,NA
1005476,15084311,FRS Link,NA
1005479,8165811,FRS Link,NA
1005513,8176611,FRS Link,NA
1005517,759611,FRS Link,NA
1005520,7768411,FRS Link,NA
1005537,5832311,FRS Link,NA
1005564,7928911,FRS Link,NA
1005564,8465211,FRS Link,NA
1005564,7929111,FRS Link,NA
1005579,4182011,FRS Link,NA
1005586,15999611,FRS Link,NA
1005604,7365311,FRS Link,NA
1005608,8484211,FRS Link,NA
1005623,4017211,FRS Link,NA
1005623,5651611,FRS Link,NA
1005624,7135211,FRS Link,NA
1005640,7923311,FRS Link,NA
1005651,1079311,FRS Link,NA
1005653,7203811,FRS Link,NA
1005657,1463811,FRS Link,NA
1005658,14063511,FRS Link,NA
1005659,14052511,FRS Link,NA
1005675,7721311,FRS Link,NA
1005683,16418911,FRS Link,NA
1005694,7420311,FRS Link,NA
1005706,6559611,FRS Link,NA
1005707,931611,FRS Link,NA
1005721,7366811,FRS Link,NA
1005727,15416111,FRS Link,NA
1005751,7485211,FRS Link,NA
1005753,7939011,FRS Link,NA
1005758,8145011,FRS Link,NA
1005766,791211,FRS Link,NA
1005768,3748411,FRS Link,NA
1005780,8491211,FRS Link,NA
1005791,15757811,FRS Link,NA
1005812,16422811,FRS Link,NA
1005813,553611,FRS Link,NA
1005823,8468011,FRS Link,NA
1005826,15089211,FRS Link,NA
1005838,5737611,FRS Link,NA
1005864,5815011,FRS Link,NA
1005866,7769111,FRS Link,NA
1005867,15490411,FRS Link,NA
1005924,7001211,FRS Link,NA
1005929,13598511,FRS Link,NA
1005935,7768111,FRS Link,NA
1005940,8085211,FRS Link,NA
1005941,16540311,FRS Link,NA
1005947,4862611,FRS Link,NA
1005959,3982611,FRS Link,NA
1005960,16668911,FRS Link,NA
1005970,5934811,FRS Link,NA
1005979,3901811,FRS Link,NA
1005988,7376411,FRS Link,NA
1005991,7048011,FRS Link,NA
1005998,4986811,FRS Link,NA
1006002,8100011,FRS Link,NA
1006005,8121411,FRS Link,NA
1006007,9640411,FRS Link,NA
1006022,12708811,FRS Link,NA
1006030,9166211,FRS Link,NA
1006037,8081911,FRS Link,NA
1006047,8121311,FRS Link,NA
1006048,1609911,FRS Link,NA
1006054,7741011,FRS Link,NA
1006061,7352011,FRS Link,NA
1006063,6821111,FRS Link,NA
1006070,7368711,FRS Link,NA
1006080,8335711,FRS Link,NA
1006081,5354011,FRS Link,NA
1006083,16668311,FRS Link,NA
1006084,5493911,FRS Link,NA
1006104,1996511,FRS Link,NA
1006111,8261211,FRS Link,NA
1006115,7367511,FRS Link,NA
1006138,12691511,FRS Link,NA
1006147,640411,FRS Link,NA
1006155,2685111,FRS Link,NA
1006193,4987411,FRS Link,NA
1006208,12808011,FRS Link,NA
1006208,7891611,FRS Link,NA
1006214,6341211,FRS Link,NA
1006242,8479311,FRS Link,NA
1006245,16669911,FRS Link,NA
1006256,7225711,FRS Link,NA
1006258,2943011,FRS Link,NA
1006262,4801411,FRS Link,NA
1006274,5728911,FRS Link,NA
1006274,17914111,FRS Link,NA
1006275,6642511,FRS Link,NA
1006287,7420411,FRS Link,NA
1006312,7186211,FRS Link,NA
1006319,7924011,FRS Link,NA
1006343,5953011,FRS Link,NA
1006354,7485111,FRS Link,NA
1006356,6755211,FRS Link,NA
1006360,7000311,FRS Link,NA
1006364,16594111,FRS Link,NA
1006366,8026411,FRS Link,NA
1006367,8229011,FRS Link,NA
1006402,5611511,FRS Link,NA
1006412,8352811,FRS Link,NA
1006445,14383011,FRS Link,NA
1006447,16411,FRS Link,NA
1006454,7000211,FRS Link,NA
1006466,4963611,FRS Link,NA
1006467,769711,FRS Link,NA
1006469,10814511,FRS Link,NA
1006479,896611,FRS Link,NA
1006490,15758111,FRS Link,NA
1006520,7219311,FRS Link,NA
1006525,3939911,FRS Link,NA
1006534,12799811,FRS Link,NA
1006543,6445411,FRS Link,NA
1006558,8011211,FRS Link,NA
1006562,6420711,FRS Link,NA
1006565,7448011,FRS Link,NA
1006570,6330311,FRS Link,NA
1006575,7318611,FRS Link,NA
1006580,1137311,FRS Link,NA
1006594,16811,FRS Link,NA
1006608,8325211,FRS Link,NA
1006608,8325811,FRS Link,NA
1006609,9497511,FRS Link,NA
1006617,6430911,FRS Link,NA
1006625,7416411,FRS Link,NA
1006626,7380011,FRS Link,NA
1006637,7996011,FRS Link,NA
1006644,6430011,FRS Link,NA
1006656,4926611,FRS Link,NA
1006662,9431511,FRS Link,NA
1006664,10691811,FRS Link,NA
1006665,4579411,FRS Link,NA
1006665,7363311,FRS Link,NA
1006668,6476911,FRS Link,NA
1006672,15647511,FRS Link,NA
1006673,2439711,FRS Link,NA
1006675,7449811,FRS Link,NA
1006690,3806911,FRS Link,NA
1006703,8215811,FRS Link,NA
1006722,7767811,FRS Link,NA
1006731,556211,FRS Link,NA
1006760,539311,FRS Link,NA
1006776,8522011,FRS Link,NA
1006787,10813811,FRS Link,NA
1006788,7213511,FRS Link,NA
1006797,10679911,FRS Link,NA
1006797,4057911,FRS Link,NA
1006809,6384311,FRS Link,NA
1006814,8465811,FRS Link,NA
1006825,8230411,FRS Link,NA
1006836,9906111,FRS Link,NA
1006866,7937011,FRS Link,NA
1006867,10679911,FRS Link,NA
1006867,4057911,FRS Link,NA
1006874,5047511,FRS Link,NA
1006878,7923811,FRS Link,NA
1006885,7991711,FRS Link,NA
1006890,13411911,FRS Link,NA
1006891,6430411,FRS Link,NA
1006892,7212311,FRS Link,NA
1006896,3761511,FRS Link,NA
1006904,2813111,FRS Link,NA
1006912,14692611,FRS Link,NA
1006936,12657511,FRS Link,NA
1006942,12870111,FRS Link,NA
1006958,535411,FRS Link,NA
1006962,7442111,FRS Link,NA
1006968,1101811,FRS Link,NA
1006988,6964211,FRS Link,NA
1007002,12193311,FRS Link,NA
1007002,4982011,FRS Link,NA
1007002,21608511,FRS Link,NA
1007014,5239711,FRS Link,NA
1007030,10544611,FRS Link,NA
1007031,7202911,FRS Link,NA
1007031,21461711,FRS Link,NA
1007031,21966611,FRS Link,NA
1007041,1062211,FRS Link,NA
1007046,7890711,FRS Link,NA
1007063,9169811,FRS Link,NA
1007069,8240911,FRS Link,NA
1007074,4924711,FRS Link,NA
1007093,8933711,FRS Link,NA
1007098,7193111,FRS Link,NA
1007135,842411,FRS Link,NA
1007137,6535111,FRS Link,NA
1007148,5615211,FRS Link,NA
1007164,5610711,FRS Link,NA
1007176,5720811,FRS Link,NA
1007214,1091211,FRS Link,NA
1007226,8122711,FRS Link,NA
1007253,15622111,FRS Link,NA
1007263,16669611,FRS Link,NA
1007264,16668211,FRS Link,NA
1007271,7426711,FRS Link,NA
1007277,3101011,FRS Link,NA
1007325,7921311,FRS Link,NA
1007325,13571911,FRS Link,NA
1007391,5055111,FRS Link,NA
1007401,8148211,FRS Link,NA
1007438,7908711,FRS Link,NA
1007453,536311,FRS Link,NA
1007511,7364611,FRS Link,NA
1007515,8532311,FRS Link,NA
1007523,16421211,FRS Link,NA
1007525,16845911,FRS Link,NA
1007529,15415311,FRS Link,NA
1007562,4925111,FRS Link,NA
1007565,9654311,FRS Link,NA
1007571,8122811,FRS Link,NA
1007574,9144811,FRS Link,NA
1007603,5810011,FRS Link,NA
1007730,14691411,FRS Link,NA
1007750,8361111,FRS Link,NA
1007767,7069811,FRS Link,NA
1007770,7212911,FRS Link,NA
1007804,6443911,FRS Link,NA
1007809,6699411,FRS Link,NA
1007819,13380811,FRS Link,NA
1007824,9122711,FRS Link,NA
1007830,7054911,FRS Link,NA
1007846,557911,FRS Link,NA
1007847,9421811,FRS Link,NA
1007868,4929511,FRS Link,NA
1007868,13389511,FRS Link,NA
1007871,8244211,FRS Link,NA
1007881,12806011,FRS Link,NA
1007912,5698611,FRS Link,NA
1007915,4302711,FRS Link,NA
1007916,6884211,FRS Link,NA
1007916,17929211,FRS Link,NA
1007917,1019211,FRS Link,NA
1007933,13648011,FRS Link,NA
1007956,770211,FRS Link,NA
1007964,1002811,FRS Link,NA
1007994,8483011,FRS Link,NA
1007998,7777511,FRS Link,NA
1008002,10552711,FRS Link,NA
1008023,2491711,FRS Link,NA
1008025,8216311,FRS Link,NA
1008036,993411,FRS Link,NA
1008038,1016411,FRS Link,NA
1008042,790611,FRS Link,NA
1008042,8055711,FRS Link,NA
1008044,5456011,FRS Link,NA
1008459,7354911,FRS Link,NA
1008708,5768811,FRS Link,NA
1008767,8409011,FRS Link,NA
1008786,7368011,FRS Link,NA
1008999,4880211,FRS Link,NA
1009221,4041311,FRS Link,NA
1009487,8302111,FRS Link,NA
1009505,10716511,FRS Link,NA
1009512,2698911,FRS Link,NA
1009523,9670211,FRS Link,NA
1009528,16510111,FRS Link,NA
1009702,8522811,FRS Link,NA
1009795,7205911,FRS Link,NA
1009795,18906911,FRS Link,NA
1009832,7242711,FRS Link,NA
1010026,6952011,FRS Link,NA
1010155,6925211,FRS Link,NA
1010327,3732411,FRS Link,NA
1010345,12611,FRS Link,NA
1010356,9102311,FRS Link,NA
1010363,6339811,FRS Link,NA
1010538,10822611,FRS Link,NA
1010549,8166211,FRS Link,NA
1010593,949811,FRS Link,NA
1010610,10734111,FRS Link,NA
1010679,16670111,FRS Link,NA
1010743,16614711,FRS Link,NA
1010759,8421411,FRS Link,NA
1010792,9583011,FRS Link,NA
1010825,15648511,FRS Link,NA
1010825,15087511,FRS Link,NA
1010825,9599011,FRS Link,NA
1010877,16858211,FRS Link,NA
1010879,16862611,FRS Link,NA
1010891,6328211,FRS Link,NA
1011051,17052611,FRS Link,NA
1011065,16776211,FRS Link,NA
1011192,5933711,FRS Link,NA
1011252,10693611,FRS Link,NA
1011314,17054211,FRS Link,NA
1011460,16965911,FRS Link,NA
1011462,8189011,FRS Link,NA
1011541,7446911,FRS Link,NA
1011549,21830811,FRS Link,NA
1011582,14741511,FRS Link,NA
1011656,15593111,FRS Link,NA
1011708,13399711,FRS Link,NA
1011729,4943411,FRS Link,NA
1011783,17957911,FRS Link,NA
1011799,16966011,FRS Link,NA
1011834,17735411,FRS Link,NA
1011855,8006211,FRS Link,NA
1011961,2615911,FRS Link,NA
1011974,17737011,FRS Link,NA
1011980,4917411,FRS Link,NA
1012009,562911,FRS Link,NA
1012094,6513011,FRS Link,NA
1012111,4545311,FRS Link,NA
1012181,17989711,FRS Link,NA
1012380,7660011,FRS Link,NA
1012424,6348011,FRS Link,NA
1012516,8053811,FRS Link,NA
1012554,6455111,FRS Link,NA
1012698,17640311,FRS Link,NA
1012789,17954911,FRS Link,NA
1012867,6439311,FRS Link,NA
1012918,17928211,FRS Link,NA
1012930,658811,FRS Link,NA
1012948,14399911,FRS Link,NA
1012987,8215111,FRS Link,NA
1012987,16972411,FRS Link,NA
1013066,5718211,FRS Link,NA
1013088,17965911,FRS Link,NA
1013117,15578111,FRS Link,NA
1013164,4194111,FRS Link,NA
1013168,973911,FRS Link,NA
1013253,8164811,FRS Link,NA
1013265,18918811,FRS Link,NA
1013270,3111211,FRS Link,NA
1013287,18865211,FRS Link,NA
1013353,17905711,FRS Link,NA
1013353,17986811,FRS Link,NA
1013489,9913311,FRS Link,NA
1013538,6336011,FRS Link,NA
1013622,19036211,FRS Link,NA
1013646,2995711,FRS Link,NA
1013656,8096011,FRS Link,NA
1013670,19250811,FRS Link,NA
1013721,209711,FRS Link,NA
1013733,7991511,FRS Link,NA
1013733,21249011,FRS Link,NA
1013749,7923911,FRS Link,NA
1013813,19356011,FRS Link,NA
1013821,21722611,FRS Link,NA
1013891,19038211,FRS Link,NA
1013902,17696111,FRS Link,NA
1013958,9530111,FRS Link,NA
1013958,8158611,FRS Link,NA
1013961,18981011,FRS Link,NA
1013977,6429511,FRS Link,NA
1013984,21625711,FRS Link,NA
1014021,18094611,FRS Link,NA
1014109,2676611,FRS Link,NA
1014210,19130411,FRS Link,NA
1014234,21429211,FRS Link,NA
1014429,7304111,FRS Link,NA
1014540,8263111,FRS Link,NA
1014610,4787811,FRS Link,NA
1014710,14991611,FRS Link,NA
1014790,15639911,FRS Link,NA
1014796,21807211,FRS Link,NA
1014832,1193111,FRS Link,NA
1014852,10483711,FRS Link,NA
1014866,7264411,FRS Link,NA
1000022,4837611,Text Match,73.8
1000035,NA,NA,NA
1000037,NA,NA,NA
1000038,6211511,Text Match,87.19999999999999
1000040,NA,ghgrp_only,NA
1000044,4167711,Text Match,87.3
1000063,8399311,Text Match,100
1000086,5706711,Text Match,77.7
1000093,8123911,Text Match,96
1000196,769411,Text Match,87.39999999999999
1000197,3662011,Text Match,90.5
1000229,8049311,Text Match,89
1000232,NA,ghgrp_only,NA
1000262,1000211,Text Match,80.19999999999999
1000273,4183311,Text Match,100
1000328,8242211,Text Match,73.5
1000345,NA,ghgrp_only,NA
1000346,4980911,Text Match,72.6
1000378,NA,ghgrp_only,NA
1000383,5826611,Text Match,86.8
1000434,8498711,Text Match,100
1000442,5063411,Text Match,86.5
1000452,4965811,Text Match,81.1
1000589,4944011,Text Match,100
1000593,7764711,Text Match,78.1
1000602,5734011,Text Match,95.1
1000604,5649411,Text Match,85.8
1000607,7502111,Text Match,96.6
1000609,NA,ghgrp_only,NA
1000611,NA,ghgrp_only,NA
1000613,NA,ghgrp_only,NA
1000614,NA,ghgrp_only,NA
1000620,4778211,Text Match,78.2
1000630,NA,ghgrp_only,NA
1000631,7340011,Text Match,93.4
1000855,7459711,Text Match,89.7
1000869,6595211,Text Match,88.2
1000903,NA,ghgrp_only,NA
1000907,96011,Text Match,78.1
1001069,15524511,Text Match,84.4
1001071,NA,ghgrp_only,NA
1001267,4915211,Text Match,83.5
1001675,8074511,Text Match,79.7
1001703,3942611,Text Match,76.6
1001711,NA,ghgrp_only,NA
1001735,4983111,Text Match,90
1001762,6805511,Text Match,76.2
1001781,NA,ghgrp_only,NA
1001809,13657811,Text Match,99.4
1001838,5510911,Text Match,96.4
1001851,8122011,Text Match,97
1001864,7351111,Text Match,88.60000000000001
1001865,13575811,Text Match,98.2
1001889,5974211,Text Match,100
1001892,7286011,Text Match,95.2
1001905,4862611,Text Match,78.9
1001908,972811,Text Match,80.1
1001913,8184211,Text Match,87.7
1001919,7741311,Text Match,86.2
1001924,NA,NA,NA
1001945,6368011,Text Match,77.3
1001963,6596911,Text Match,76.1
1001995,7119911,Text Match,97.4
1002020,8223611,Text Match,88.5
1002023,NA,NA,NA
1002033,4952811,Text Match,88.1
1002041,NA,NA,NA
1002043,16535811,Text Match,80.7
1002047,15646211,Text Match,84.2
1002054,6502911,Text Match,90
1002067,8211911,Text Match,96.4
1002073,15083411,Text Match,84.1
1002076,4981011,Text Match,85.8
1002111,4943711,Text Match,98.2
1002122,NA,NA,NA
1002149,972411,Text Match,87.7
1002184,537211,Text Match,82
1002205,NA,ghgrp_only,NA
1002229,8102411,Text Match,88.9
1002241,7350211,Text Match,82.5
1002248,7226211,Text Match,98.6
1002257,NA,NA,NA
1002263,7226711,Text Match,72.30000000000001
1002272,753711,Text Match,78
1002283,8199911,Text Match,84.19999999999999
1002284,NA,ghgrp_only,NA
1002287,NA,NA,NA
1002305,NA,ghgrp_only,NA
1002327,5500611,Text Match,79.7
1002349,16421011,Text Match,80.4
1002350,NA,ghgrp_only,NA
1002352,NA,ghgrp_only,NA
1002356,10810111,Text Match,100
1002380,6430211,Text Match,93.60000000000001
1002408,7892511,Text Match,89.6
1002435,NA,NA,NA
1002442,NA,ghgrp_only,NA
1002608,NA,NA,NA
1002662,9023211,Text Match,99.4
1002696,NA,ghgrp_only,NA
1002703,16419611,Text Match,98.6
1002727,NA,NA,NA
1002737,8480311,Text Match,70.2
1002789,7226311,Text Match,80.4
1002804,NA,ghgrp_only,NA
1002809,15415411,Text Match,98.4
1002823,931711,Text Match,90
1002830,NA,NA,NA
1002846,NA,ghgrp_only,NA
1002862,6780911,Text Match,90.6
1002893,NA,ghgrp_only,NA
1002894,1091311,Text Match,83.4
1002916,14493311,Text Match,78.8
1002950,NA,NA,NA
1002965,5653011,Text Match,75.2
1002967,16637711,Text Match,76.5
1002989,14669411,Text Match,78.7
1003007,6510311,Text Match,70.4
1003009,NA,NA,NA
1003041,8230811,Text Match,90.1
1003061,NA,NA,NA
1003087,NA,ghgrp_only,NA
1003098,7426211,Text Match,84.2
1003205,NA,ghgrp_only,NA
1003275,NA,NA,NA
1003300,4004311,Text Match,87
1003383,7570911,Text Match,81.60000000000001
1003422,7339211,Text Match,97.2
1003451,6655511,Text Match,84
1003484,7226511,Text Match,73.19999999999999
1003488,NA,ghgrp_only,NA
1003513,7621811,Text Match,85.9
1003518,4783711,Text Match,74.7
1003525,7464011,Text Match,82.3
1003570,4941611,Text Match,74.30000000000001
1003595,NA,NA,NA
1003609,1060311,Text Match,88.8
1003654,7927911,Text Match,94.3
1003655,7929111,Text Match,73.6
1003665,NA,ghgrp_only,NA
1003709,15485811,Text Match,70.9
1003730,6598211,Text Match,89.2
1003748,NA,NA,NA
1003779,15647711,Text Match,91.10000000000001
1003781,5730911,Text Match,88.6
1003829,NA,ghgrp_only,NA
1003834,15414911,Text Match,98
1003857,NA,ghgrp_only,NA
1003890,NA,ghgrp_only,NA
1003899,NA,ghgrp_only,NA
1003901,7175311,Text Match,91.3
1003943,5795711,Text Match,85.8
1003944,NA,ghgrp_only,NA
1003953,NA,ghgrp_only,NA
1003991,4056411,Text Match,77.4
1003993,993511,Text Match,73.2
1004024,6476511,Text Match,90.6
1004071,4030411,Text Match,87.2
1004113,NA,ghgrp_only,NA
1004194,NA,ghgrp_only,NA
1004222,6793311,Text Match,77.6
1004227,6423111,Text Match,79.5
1004254,NA,ghgrp_only,NA
1004263,8105111,Text Match,78.7
1004276,10844611,Text Match,100
1004340,535811,Text Match,75.6
1004343,NA,NA,NA
1004368,5633211,Text Match,71.3
1004369,750911,Text Match,100
1004393,NA,NA,NA
1004442,NA,NA,NA
1004469,7114811,Text Match,75.5
1004500,10560411,Text Match,79
1004536,14728911,Text Match,79.6
1004586,NA,NA,NA
1004599,NA,NA,NA
1004608,6886411,Text Match,72.1
1004657,9466311,Text Match,86.8
1004701,6690111,Text Match,73.3
1004705,7321711,Text Match,93.60000000000001
1004713,9167611,Text Match,85
1004725,NA,NA,NA
1004731,13598211,Text Match,98.2
1004732,10680011,Text Match,81.4
1004753,4947411,Text Match,81.3
1004799,13378311,Text Match,94.5
1004829,6421011,Text Match,77
1004898,NA,ghgrp_only,NA
1004952,6960611,Text Match,93.7
1004957,6615111,Text Match,80.6
1004983,NA,ghgrp_only,NA
1004984,10734211,Text Match,97.9
1005022,5609211,Text Match,77.80000000000001
1005035,559811,Text Match,92.5
1005072,8951511,Text Match,98.4
1005077,8398811,Text Match,81.7
1005126,3507911,Text Match,84.9
1005146,6110711,Text Match,84.4
1005198,4168611,Text Match,76.4
1005202,4737111,Text Match,78.2
1005220,NA,ghgrp_only,NA
1005293,6247211,Text Match,96.7
1005322,9649611,Text Match,78.4
1005340,NA,NA,NA
1005386,9168911,Text Match,98.2
1005415,5510611,Text Match,93.60000000000001
1005502,2444211,Text Match,93
1005523,NA,ghgrp_only,NA
1005526,13599711,Text Match,97.4
1005577,7791911,Text Match,87.6
1005626,15415711,Text Match,94.10000000000001
1005655,NA,ghgrp_only,NA
1005661,8139911,Text Match,93.8
1005677,8165111,Text Match,72.9
1005686,NA,ghgrp_only,NA
1005712,929311,Text Match,90.1
1005732,4880511,Text Match,94.9
1005738,7225811,Text Match,91.4
1005746,NA,ghgrp_only,NA
1005788,8055411,Text Match,76.7
1005809,NA,NA,NA
1005817,NA,ghgrp_only,NA
1005849,8436011,Text Match,96
1005850,5654311,Text Match,98
1005852,NA,NA,NA
1005853,16846211,Text Match,94.2
1005872,4983611,Text Match,90
1005909,6497711,Text Match,70
1005930,NA,ghgrp_only,NA
1005938,17240911,Text Match,90
1005948,7440111,Text Match,84.2
1005969,4729411,Text Match,84.8
1005994,880811,Text Match,76.1
1006008,769911,Text Match,79.3
1006010,7354711,Text Match,77
1006046,7946911,Text Match,82.3
1006052,8186011,Text Match,80.2
1006055,12854411,Text Match,72.5
1006065,845911,Text Match,78.6
1006100,7400311,Text Match,81.4
1006114,16668511,Text Match,95.9
1006120,4945311,Text Match,70
1006141,13575611,Text Match,77.6
1006142,16886411,Text Match,78.1
1006145,8480711,Text Match,100
1006203,12657711,Text Match,90.80000000000001
1006209,8352311,Text Match,99
1006213,8002411,Text Match,94.8
1006264,6641411,Text Match,75.4
1006296,NA,ghgrp_only,NA
1006314,NA,ghgrp_only,NA
1006361,6582511,Text Match,86.1
1006377,2548311,Text Match,77
1006416,NA,ghgrp_only,NA
1006423,7727911,Text Match,77.8
1006425,16440911,Text Match,85
1006430,NA,NA,NA
1006435,NA,ghgrp_only,NA
1006453,4898311,Text Match,86.4
1006474,2943911,Text Match,89.30000000000001
1006552,16605711,Text Match,89.9
1006573,8422811,Text Match,76.3
1006621,5213811,Text Match,78.2
1006667,641811,Text Match,95.2
1006691,5633411,Text Match,88
1006694,NA,ghgrp_only,NA
1006699,5603511,Text Match,75.2
1006711,NA,NA,NA
1006732,NA,ghgrp_only,NA
1006783,NA,NA,NA
1006801,7354811,Text Match,95.2
1006803,3679811,Text Match,94.6
1006819,7564011,Text Match,91.3
1006827,4878811,Text Match,74.4
1006828,7620711,Text Match,85.3
1006847,NA,NA,NA
1006856,5780411,Text Match,75.8
1006865,NA,ghgrp_only,NA
1006877,7007111,Text Match,95.6
1006917,5692011,Text Match,87
1006919,7367811,Text Match,94.2
1006943,NA,NA,NA
1006946,13600211,Text Match,88.9
1006967,5019011,Text Match,74.4
1006970,NA,ghgrp_only,NA
1006975,8214811,Text Match,76.89999999999999
1006994,NA,ghgrp_only,NA
1007064,640111,Text Match,91.2
1007196,7331511,Text Match,99.2
1007220,8065711,Text Match,89.6
1007230,NA,NA,NA
1007262,NA,ghgrp_only,NA
1007266,NA,ghgrp_only,NA
1007270,NA,ghgrp_only,NA
1007273,4787911,Text Match,91.9
1007390,NA,ghgrp_only,NA
1007402,NA,ghgrp_only,NA
1007461,656011,Text Match,72.2
1007512,4101811,Text Match,88.6
1007514,7113711,Text Match,90
1007539,67011,Text Match,74
1007548,NA,ghgrp_only,NA
1007561,6478911,Text Match,77.9
1007626,NA,ghgrp_only,NA
1007627,8232711,Text Match,95.6
1007694,8018711,Text Match,89.7
1007715,NA,ghgrp_only,NA
1007805,NA,ghgrp_only,NA
1007867,4963011,Text Match,95
1007876,NA,ghgrp_only,NA
1007909,NA,ghgrp_only,NA
1007943,932011,Text Match,89.5
1008006,12682411,Text Match,98.4
1008553,1003411,Text Match,78
1008750,8131211,Text Match,95.8
1008991,NA,NA,NA
1009064,6510111,Text Match,78.2
1009527,NA,NA,NA
1009539,6640811,Text Match,86.19999999999999
1009541,NA,NA,NA
1009708,NA,ghgrp_only,NA
1009709,NA,ghgrp_only,NA
1009711,716411,Text Match,81
1009794,NA,ghgrp_only,NA
1009838,7152711,Text Match,97.2
1010003,10611,Text Match,90
1010046,7839511,Text Match,82.8
1010104,NA,ghgrp_only,NA
1010166,NA,ghgrp_only,NA
1010447,3930711,Text Match,78.1
1010506,NA,NA,NA
1010589,NA,NA,NA
1010625,NA,NA,NA
1010636,6362111,Text Match,73.80000000000001
1010658,18905211,Text Match,76.9
1010674,NA,ghgrp_only,NA
1010687,7293211,Text Match,89.2
1010700,NA,ghgrp_only,NA
1010702,NA,NA,NA
1010704,NA,ghgrp_only,NA
1010722,NA,ghgrp_only,NA
1010750,NA,ghgrp_only,NA
1010761,7353111,Text Match,95.80000000000001
1010969,NA,NA,NA
1010974,16601011,Text Match,98.2
1010991,NA,ghgrp_only,NA
1011080,NA,ghgrp_only,NA
1011175,NA,ghgrp_only,NA
1011241,4798111,Text Match,98.2
1011277,4006211,Text Match,88.3
1011627,NA,NA,NA
1011640,NA,ghgrp_only,NA
1011710,6117511,Text Match,100
1011725,NA,ghgrp_only,NA
1011740,4143511,Text Match,89.7
1011751,NA,ghgrp_only,NA
1011859,3854111,Text Match,94
1011900,NA,ghgrp_only,NA
1011907,NA,ghgrp_only,NA
1011964,7321611,Text Match,83.7
1011973,NA,ghgrp_only,NA
1011979,5435811,Text Match,78.3
1011994,NA,ghgrp_only,NA
1012019,3685011,Text Match,97.4
1012089,17387911,Text Match,88.6
1012645,19096211,Text Match,80.9
1012857,NA,ghgrp_only,NA
1012864,NA,ghgrp_only,NA
1012904,NA,NA,NA
1012993,NA,NA,NA
1013205,NA,NA,NA
1013246,NA,ghgrp_only,NA
1013279,5001811,Text Match,94.30000000000001
1013363,NA,NA,NA
1013376,NA,ghgrp_only,NA
1013382,18893911,Text Match,70.80000000000001
1013384,NA,ghgrp_only,NA
1013611,NA,NA,NA
1013624,12655111,Text Match,79.9
1013627,9612111,Text Match,88.5
1013637,NA,ghgrp_only,NA
1013643,NA,ghgrp_only,NA
1013683,NA,ghgrp_only,NA
1013718,5002111,Text Match,86.5
1013816,NA,ghgrp_only,NA
1013817,5863311,Text Match,78.8
1013820,NA,ghgrp_only,NA
1013855,NA,NA,NA
1013880,NA,ghgrp_only,NA
1013898,17858011,Text Match,86.1
1013917,NA,NA,NA
1013923,19148211,Text Match,77.6
1013934,NA,NA,NA
1013971,NA,ghgrp_only,NA
1013974,NA,ghgrp_only,NA
1014231,NA,NA,NA
1014236,NA,NA,NA
1014323,NA,NA,NA
1014324,NA,NA,NA
1014343,NA,NA,NA
1014397,NA,NA,NA
1014513,NA,NA,NA
1014521,NA,NA,NA
1014537,NA,NA,NA
1014562,NA,NA,NA
1014575,NA,NA,NA
1014583,NA,NA,NA
1014594,NA,NA,NA
1014611,NA,NA,NA
1014612,NA,NA,NA
1014626,NA,NA,NA
1014644,NA,NA,NA
1014703,NA,ghgrp_only,NA
1014807,NA,NA,NA
1014819,NA,NA,NA
1014845,NA,NA,NA
1014847,NA,NA,NA
