Table 19.  Energy-Related Carbon Dioxide Emissions by End Use,,,,,,,,,,,,,,,,,,,,,,,,,,,,,,,,,,
https://www.eia.gov/outlooks/aeo/data/browser/#/?id=22-AEO2023&region=0-0&cases=ref2023&start=2021&end=2050&f=A&linechart=ref2023-d020623a.3-22-AEO2023~~~~~~~~~~~~~~~~~~~~~~~~~~~~~~~~~~&sourcekey=0,,,,,,,,,,,,,,,,,,,,,,,,,,,,,,,,,,
Wed Oct 08 2025 08:35:35 GMT-0700 (Pacific Daylight Time),,,,,,,,,,,,,,,,,,,,,,,,,,,,,,,,,,
Source: U.S. Energy Information Administration,,,,,,,,,,,,,,,,,,,,,,,,,,,,,,,,,,
,full name,api key,units,2021,2022,2023,2024,2025,2026,2027,2028,2029,2030,2031,2032,2033,2034,2035,2036,2037,2038,2039,2040,2041,2042,2043,2044,2045,2046,2047,2048,2049,2050,Growth (2022-2050)
Residential,,,,,,,,,,,,,,,,,,,,,,,,,,,,,,,,,,
Space Heating,Carbon Dioxide: Residential: Space Heating: Reference case,AEO.2023.REF2023.EMI_CO2_RESD_SPH_NA_NA_NA_MILLMETNCO2.A,MMmt CO2,,332.185974,328.726837,299.065948,293.643585,286.21228,278.348999,271.296753,265.334839,260.233612,256.395538,253.014084,250.823044,248.015198,245.702347,243.573563,241.456192,239.284439,237.392975,235.730194,234.341873,232.959045,231.477844,229.805099,228.24382,226.329926,224.764908,223.231613,221.888336,220.31218,-1.50%
Space Cooling,Carbon Dioxide: Residential: Space Cooling: Reference case,AEO.2023.REF2023.EMI_CO2_RESD_SPC_NA_NA_NA_MILLMETNCO2.A,MMmt CO2,,100.130791,81.035439,97.38781,92.103401,83.945976,75.576576,68.565071,63.642101,60.145939,58.709011,57.971378,58.355846,57.962532,58.313011,58.760017,59.040485,59.251186,59.749786,60.463211,61.643887,62.727314,63.351166,63.302479,63.619953,63.525536,64.071777,64.415802,65.178261,65.408997,-1.50%
Water Heating,Carbon Dioxide: Residential: Water Heating: Reference case,AEO.2023.REF2023.EMI_CO2_RESD_WTHT_NA_NA_NA_MILLMETNCO2.A,MMmt CO2,,127.158257,122.267731,122.012505,117.861015,112.126358,106.441048,101.829758,98.579826,96.296158,95.196533,94.481102,94.54126,94.186676,94.306526,94.468254,94.498138,94.441963,94.545319,94.754562,95.193794,95.593765,95.810127,95.736504,95.812531,95.531883,95.614388,95.692108,96.010628,96.082947,-1.00%
Refrigeration,Carbon Dioxide: Residential: Refrigeration: Reference case,AEO.2023.REF2023.EMI_CO2_RESD_REFR_NA_NA_NA_MILLMETNCO2.A,MMmt CO2,,33.591877,31.335205,30.958836,28.46933,25.248396,22.106602,19.536127,17.717344,16.427303,15.793591,15.374164,15.293964,15.013494,14.925253,14.859134,14.75304,14.651341,14.635659,14.689077,14.875687,15.040776,15.080437,14.940902,14.883712,14.703156,14.66888,14.579808,14.590847,14.465493,-3.00%
Cooking,Carbon Dioxide: Residential: Cooking: Reference case,AEO.2023.REF2023.EMI_CO2_RESD_CGR_NA_NA_NA_MILLMETNCO2.A,MMmt CO2,,12.892025,12.531494,12.520851,12.093335,11.50806,10.922986,10.439973,10.100226,9.861629,9.752424,9.685543,9.692314,9.661427,9.673214,9.693628,9.709999,9.72475,9.754572,9.796551,9.862986,9.922961,9.959565,9.963081,9.984372,9.983514,10.012098,10.031242,10.069585,10.082495,-0.90%
Clothes Dryers,Carbon Dioxide: Residential: Clothes Dryers: Reference case,AEO.2023.REF2023.EMI_CO2_RESD_CDR_NA_NA_NA_MILLMETNCO2.A,MMmt CO2,,27.385815,26.315872,26.689922,25.380489,23.32482,21.168966,19.359434,18.088469,17.197414,16.836308,16.64011,16.712101,16.580786,16.630793,16.695089,16.698393,16.67514,16.720011,16.817514,17.031839,17.22089,17.30031,17.214746,17.208254,17.085514,17.114048,17.097548,17.184551,17.152279,-1.70%
Freezers,Carbon Dioxide: Residential: Freezers: Reference case,AEO.2023.REF2023.EMI_CO2_RESD_FRZ_NA_NA_NA_MILLMETNCO2.A,MMmt CO2,,7.84299,7.338471,7.265773,6.688594,5.932022,5.188786,4.579121,4.145308,3.834635,3.675486,3.564183,3.529478,3.446602,3.405917,3.368593,3.320777,3.272844,3.243297,3.227986,3.241072,3.248538,3.231709,3.17998,3.149397,3.096225,3.076871,3.04693,3.038752,3.003016,-3.40%
Lighting,Carbon Dioxide: Residential: Lighting: Reference case,AEO.2023.REF2023.EMI_CO2_RESD_LGHTNG_NA_NA_NA_MILLMETNCO2.A,MMmt CO2,,26.057865,22.720093,21.874937,20.02503,17.817299,15.725537,14.045094,12.860696,11.892839,11.391783,11.048294,10.940161,10.692985,10.598547,10.514644,10.389693,10.250402,10.164598,9.942936,9.829807,9.723034,9.569717,9.347769,9.202482,8.994211,8.889018,8.760665,8.704223,8.578872,-3.90%
Clothes Washers,Carbon Dioxide: Residential: Clothes Washers: Reference case,AEO.2023.REF2023.EMI_CO2_RESD_CLW_NA_NA_NA_MILLMETNCO2.A,MMmt CO2,,4.260887,4.030327,4.034884,3.757062,3.371277,2.984129,2.664291,2.439351,2.282468,2.212137,2.168439,2.169736,2.139935,2.134711,2.129997,2.117109,2.102445,2.098021,2.101425,2.121781,2.137098,2.134772,2.107491,2.092334,2.060409,2.049586,2.031663,2.028261,2.006483,-2.70%
Dishwashers,Carbon Dioxide: Residential: Dishwashers: Reference case,AEO.2023.REF2023.EMI_CO2_RESD_DSW_NA_NA_NA_MILLMETNCO2.A,MMmt CO2,,3.138929,2.991309,3.015414,2.825687,2.550197,2.268998,2.038252,1.879435,1.771794,1.731747,1.713511,1.732396,1.72813,1.742954,1.757717,1.765249,1.770786,1.784521,1.804631,1.839224,1.869487,1.88417,1.876345,1.878743,1.865482,1.870752,1.869093,1.880391,1.874216,-1.80%
Televisions and Related Equipment,Carbon Dioxide: Residential: Televisions: Reference case,AEO.2023.REF2023.EMI_CO2_RESD_TVR_NA_NA_NA_MILLMETNCO2.A,MMmt CO2,,21.036793,19.351786,18.86772,17.151323,15.01716,12.962888,11.272117,10.04131,9.129977,8.597945,8.192286,7.965992,7.640082,7.432884,7.246609,7.047416,6.852488,6.706691,6.601876,6.56456,6.526717,6.448371,6.308095,6.217196,6.08912,6.034288,5.964922,5.945884,5.88156,-4.40%
Computers and Related Equipment,Carbon Dioxide: Residential: Computers: Reference case,AEO.2023.REF2023.EMI_CO2_RESD_CMPR_NA_NA_NA_MILLMETNCO2.A,MMmt CO2,,13.65071,12.637212,12.369114,11.261931,9.854485,8.481857,7.338916,6.491776,5.850904,5.451136,5.130159,4.919434,4.646134,4.44432,4.25585,4.060071,3.869866,3.710572,3.577193,3.483465,3.39378,3.288303,3.159006,3.06166,2.957357,2.896905,2.836993,2.808581,2.764304,-5.50%
Furnace Fans and Boiler Circulation Pumps,Carbon Dioxide: Residential: Fans and Pumps: Reference case,AEO.2023.REF2023.EMI_CO2_RESD_FPR_NA_NA_NA_MILLMETNCO2.A,MMmt CO2,,10.135278,9.406331,8.370268,7.818932,7.031423,6.226867,5.547142,5.049405,4.682317,4.484693,4.333736,4.264947,4.124237,4.025611,3.925141,3.808552,3.684928,3.582423,3.496961,3.443458,3.384902,3.30546,3.195645,3.110743,3.004449,2.936901,2.866966,2.823737,2.759649,-4.50%
Other Uses,Carbon Dioxide: Residential: Other Uses: Reference case,AEO.2023.REF2023.EMI_CO2_RESD_OTHU_NA_NA_NA_MILLMETNCO2.A,MMmt CO2,,213.720917,206.715561,208.225754,197.225906,180.700424,164.028793,149.785416,139.645355,132.649963,129.882629,128.419479,129.202011,128.267715,128.776489,129.424026,129.751862,129.907227,130.643646,131.888107,134.081161,136.15155,137.340958,137.210587,137.795242,137.440277,138.361298,138.906158,140.362503,140.866135,-1.50%
Discrepancy,Carbon Dioxide: Residential: Discrepancy: Reference case,AEO.2023.REF2023.EMI_CO2_RESD_DESCR_NA_NA_NA_MILLMETNCO2.A,MMmt CO2,,-16.299683,-14.79126,-15.617188,-17.091064,-17.37323,-17.33374,-15.560059,-13.769226,-12.163208,-12.073486,-12.196106,-13.008911,-13.484497,-13.930054,-14.636658,-14.811218,-14.674438,-14.959167,-15.793762,-16.737732,-17.674988,-18.445557,-19.814453,-20.3974,-20.743591,-21.890076,-22.690369,-23.572388,-24.082642,1.40%
Total Residential,Carbon Dioxide: Residential: Reference case,AEO.2023.REF2023.EMI_CO2_RESD_NA_NA_NA_NA_MILLMETNCO2.A,MMmt CO2,,916.889282,872.612366,857.042603,819.214478,767.26709,715.099243,672.737427,642.246216,620.09375,608.037476,599.540405,597.133789,590.62146,588.182556,586.035522,583.605774,581.065308,579.772949,579.098389,580.816895,582.224915,581.737366,577.533203,575.863037,571.923462,570.47168,568.641113,568.942139,567.156006,-1.70%
Commercial,,,,,,,,,,,,,,,,,,,,,,,,,,,,,,,,,,
Space Heating,Carbon Dioxide: Commercial: Space Heating: Reference case,AEO.2023.REF2023.EMI_CO2_COMM_SPH_NA_NA_NA_MILLMETNCO2.A,MMmt CO2,,125.863846,122.858017,116.083252,117.051468,117.300034,116.990196,116.540848,115.847588,115.108765,114.5709,114.011696,113.363914,112.547623,111.733917,110.94825,110.090752,109.067513,108.108536,107.132988,106.186905,105.272827,104.413986,103.604202,102.72261,101.668182,100.753326,99.935043,99.137459,98.225258,-0.90%
Space Cooling,Carbon Dioxide: Commercial: Space Cooling: Reference case,AEO.2023.REF2023.EMI_CO2_COMM_SPC_NA_NA_NA_MILLMETNCO2.A,MMmt CO2,,63.019035,51.93977,59.623142,56.05167,50.689137,45.214069,40.671181,37.470169,35.167294,34.158337,33.54842,33.515087,33.006176,32.88726,32.781441,32.554966,32.279922,32.160995,32.135258,32.377769,32.569546,32.519226,32.126823,31.937496,31.554522,31.514235,31.381594,31.468523,31.311398,-2.50%
Water Heating,Carbon Dioxide: Commercial: Water Heating: Reference case,AEO.2023.REF2023.EMI_CO2_COMM_WTHT_NA_NA_NA_MILLMETNCO2.A,MMmt CO2,,34.532078,34.007946,34.489502,35.096638,35.519135,35.800377,36.03883,36.22543,36.414616,36.645248,36.867424,37.046482,37.179844,37.310444,37.456005,37.578674,37.642876,37.73542,37.814026,37.902256,38.005604,38.143497,38.31295,38.44257,38.450367,38.533936,38.692955,38.879242,39.026962,0.40%
Ventilation,Carbon Dioxide: Commercial: Ventilation: Reference case,AEO.2023.REF2023.EMI_CO2_COMM_VNTC_NA_NA_NA_MILLMETNCO2.A,MMmt CO2,,47.598194,43.47588,42.314651,38.490688,33.701889,29.042505,25.210751,22.420424,20.326414,19.098442,18.142279,17.565334,16.755753,16.183037,15.640038,15.055263,14.468031,13.971297,13.548954,13.263041,12.965058,12.578687,12.067829,11.648858,11.161295,10.813232,10.443221,10.167269,9.818755,-5.50%
Cooking,Carbon Dioxide: Commercial: Cooking: Reference case,AEO.2023.REF2023.EMI_CO2_COMM_CGR_NA_NA_NA_MILLMETNCO2.A,MMmt CO2,,26.857718,26.219982,26.610861,26.569654,26.193474,25.707314,25.317739,25.081121,24.966444,25.034809,25.139336,25.284485,25.343018,25.437826,25.537193,25.606554,25.635147,25.692896,25.747509,25.839455,25.93079,26.015789,26.081045,26.146576,26.096792,26.126774,26.197124,26.310318,26.380695,-0.10%
Lighting,Carbon Dioxide: Commercial: Lighting: Reference case,AEO.2023.REF2023.EMI_CO2_COMM_LGHTNG_NA_NA_NA_MILLMETNCO2.A,MMmt CO2,,56.518799,52.074123,51.388138,47.597523,42.491192,37.375221,33.171196,30.201672,27.846968,26.630426,25.760588,25.399553,24.662903,24.238415,23.823732,23.280617,22.686279,22.161814,21.921471,21.90299,21.849089,21.637728,21.197706,20.900068,20.461037,20.26947,20.0135,19.914661,19.658155,-3.70%
Refrigeration,Carbon Dioxide: Commercial: Refrigeration: Reference case,AEO.2023.REF2023.EMI_CO2_COMM_REFR_NA_NA_NA_MILLMETNCO2.A,MMmt CO2,,68.574371,64.096664,63.752407,59.202198,52.938469,46.648312,41.475655,37.836609,35.204231,33.979649,33.167381,33.013706,32.372101,32.108356,31.843561,31.446898,31.007418,30.716053,30.537746,30.641279,30.681425,30.476545,29.925358,29.556612,28.965416,28.686455,28.316843,28.162163,27.76462,-3.20%
Computing,Carbon Dioxide: Commercial: Computing: Reference case,AEO.2023.REF2023.EMI_CO2_COMM_OFFEPC_NA_NA_NA_MILLMETNCO2.A,MMmt CO2,,48.955643,46.321106,46.537045,43.673706,39.452454,35.121632,31.610241,29.19042,27.573486,26.982922,26.718493,26.977604,26.854048,27.022484,27.231405,27.295038,27.367809,27.561567,27.848677,28.358772,28.833843,29.100861,29.003244,29.097433,28.985107,29.148268,29.235685,29.536386,29.573599,-1.80%
Office Equipment,Carbon Dioxide: Commercial: Office Equipment: Reference case,AEO.2023.REF2023.EMI_CO2_COMM_OFFENPC_NA_NA_NA_MILLMETNCO2.A,MMmt CO2,,19.856544,18.467432,18.276577,16.90737,15.096475,13.302011,11.842999,10.834584,10.144395,9.840063,9.663619,9.677629,9.531675,9.505384,9.461291,9.376506,9.279191,9.19635,9.14525,9.152094,9.108654,8.976523,8.728837,8.508057,8.21185,7.978709,7.695026,7.443297,7.088459,-3.60%
Other Uses,Carbon Dioxide: Commercial: Other Uses: Reference case,AEO.2023.REF2023.EMI_CO2_COMM_OTHU_NA_NA_NA_MILLMETNCO2.A,MMmt CO2,,273.192413,265.52359,259.436218,242.703186,224.737457,207.222809,196.225067,188.546509,183.88324,181.591827,180.46933,180.328949,178.969299,178.789917,178.232147,178.138855,177.858826,177.83197,177.9935,178.942169,179.726074,179.911682,178.813263,178.801727,178.001465,177.922272,177.761902,178.666229,178.755585,-1.50%
Total Commercial,Carbon Dioxide: Commercial: Reference case,AEO.2023.REF2023.EMI_CO2_COMM_NA_NA_NA_NA_MILLMETNCO2.A,MMmt CO2,,764.968628,724.984497,718.51178,683.344116,638.11969,592.424438,558.104492,533.654541,516.635864,508.532593,503.488586,502.17276,497.222443,495.217041,492.955109,490.424133,487.29303,485.136902,483.825378,484.566711,484.942871,483.774536,479.861267,477.762024,473.55603,471.746643,469.672913,469.685547,467.603485,-1.70%
Industrial,,,,,,,,,,,,,,,,,,,,,,,,,,,,,,,,,,
Manufacturing,,,,,,,,,,,,,,,,,,,,,,,,,,,,,,,,,,
Refining,Carbon Dioxide: Industrial: Manufacturing: Refining: Reference case,AEO.2023.REF2023.EMI_CO2_IDAL_REF_NA_NA_NA_MILLMETNCO2.A,MMmt CO2,,238.203979,243.108841,234.207764,232.452698,231.568375,229.723831,231.070374,232.044891,233.066986,232.160233,232.319977,231.663193,233.25325,233.049026,232.972855,232.963852,233.509827,234.12796,234.416092,235.107468,235.329346,235.156113,235.250031,235.605576,233.032333,233.740417,236.4086,237.328598,236.762054,0.00%
Food Products,Carbon Dioxide: Industrial: Manufacturing: Food Products: Reference case,AEO.2023.REF2023.EMI_CO2_IDAL_FDP_NA_NA_NA_MILLMETNCO2.A,MMmt CO2,,82.079857,79.69413,79.627922,77.475449,74.478424,71.671112,68.795708,66.599258,64.883385,64.122604,63.495071,63.231823,62.71442,62.521931,62.439281,62.220745,61.896694,61.82082,61.759296,61.841835,62.000671,62.018688,61.912769,61.807495,61.467316,61.481277,61.436398,61.487698,61.375504,-1.00%
Paper Products,Carbon Dioxide: Industrial: Manufacturing: Paper Products: Reference case,AEO.2023.REF2023.EMI_CO2_IDAL_PPM_NA_NA_NA_MILLMETNCO2.A,MMmt CO2,,59.413422,56.467346,54.139194,51.560165,48.904255,46.405769,44.123257,42.291046,40.788963,39.924156,39.257824,38.799938,38.23119,37.873508,37.530014,37.171375,36.720821,36.430996,36.151276,35.960022,35.836037,35.617508,35.268696,34.897331,34.559654,34.441696,34.163677,33.973068,33.850788,-2.00%
Bulk Chemicals,Carbon Dioxide: Industrial: Manufacturing: Bulk Chemicals: Reference case,AEO.2023.REF2023.EMI_CO2_IDAL_BCH_NA_NA_NA_MILLMETNCO2.A,MMmt CO2,,275.049622,259.911102,255.097076,258.607239,261.93515,263.573975,263.884766,263.598938,263.642273,265.765808,268.868652,272.023407,275.2565,278.542023,281.179382,283.969482,285.962524,288.764008,292.418304,295.831085,298.749664,301.41571,303.249329,304.808655,307.527863,311.049011,312.756927,315.547882,320.438171,0.50%
Glass,Carbon Dioxide: Industrial: Manufacturing: Glass: Reference case,AEO.2023.REF2023.EMI_CO2_IDAL_GGR_NA_NA_NA_MILLMETNCO2.A,MMmt CO2,,11.4559,9.899885,9.69527,9.216636,8.776372,8.261806,7.775993,7.386477,7.04762,6.827913,6.648514,6.553668,6.441433,6.384655,6.323961,6.269954,6.20194,6.220832,6.226357,6.229402,6.254357,6.206751,6.164783,6.143993,6.140705,6.12977,6.080042,6.063547,6.036955,-2.30%
Cement and Lime,Carbon Dioxide: Industrial: Manufacturing: Cement and Lime: Reference case,AEO.2023.REF2023.EMI_CO2_IDAL_CEM_NA_NA_NA_MILLMETNCO2.A,MMmt CO2,,31.273962,26.40646,26.775784,27.385944,27.928797,28.391689,28.633459,28.190647,27.81624,27.547308,27.178434,26.750517,26.302999,25.966852,25.609083,25.139437,24.636219,24.49901,24.377499,24.272955,24.084846,23.766153,23.368887,23.160187,22.895407,22.648603,22.378906,22.066917,21.722746,-1.30%
Iron and Steel,Carbon Dioxide: Industrial: Manufacturing: Iron and Steel: Reference case,AEO.2023.REF2023.EMI_CO2_IDAL_ISM_NA_NA_NA_MILLMETNCO2.A,MMmt CO2,,89.009605,88.35302,89.265617,88.276108,88.011116,86.503517,84.169189,82.272591,80.002151,78.661636,78.38958,77.43338,76.436958,75.842018,75.283081,75.087685,74.25164,73.183372,72.455765,72.237335,72.197365,71.752083,71.002312,70.120277,69.401703,68.973587,68.17572,67.662178,67.631783,-1.00%
Aluminum,Carbon Dioxide: Industrial: Manufacturing: Aluminum: Reference case,AEO.2023.REF2023.EMI_CO2_IDAL_AAP_NA_NA_NA_MILLMETNCO2.A,MMmt CO2,,15.618164,14.957636,14.6954,14.06171,13.431772,12.656522,11.851706,11.167352,10.594436,10.277965,10.088465,10.019302,9.963843,9.978425,9.966843,9.950189,9.931892,9.93051,9.779445,9.832534,9.935232,9.961355,9.908691,9.922361,9.920109,9.956254,9.898034,9.902972,9.932664,-1.60%
Fabricated Metal Products,Carbon Dioxide: Industrial: Manufacturing: Fabricated Metal Products: Reference case,AEO.2023.REF2023.EMI_CO2_IDAL_FBP_NA_NA_NA_MILLMETNCO2.A,MMmt CO2,,20.366867,19.473921,19.338644,18.638332,17.661449,16.68038,15.575551,14.695666,13.972136,13.733896,13.713372,13.872348,13.830277,13.973285,14.167426,14.328385,14.423551,14.530883,14.649848,14.888199,15.094247,15.17975,15.141426,15.050515,14.921197,14.957816,14.891223,14.825644,14.839345,-1.10%
Machinery,Carbon Dioxide: Industrial: Manufacturing: Machinery: Reference case,AEO.2023.REF2023.EMI_CO2_IDAL_MCHI_NA_NA_NA_MILLMETNCO2.A,MMmt CO2,,11.431486,10.988838,10.92062,10.426599,9.901403,9.391126,8.74144,8.213583,7.807684,7.69606,7.698475,7.78592,7.760227,7.830011,7.917684,7.978059,7.994631,8.04581,8.098567,8.207281,8.312589,8.350748,8.333562,8.305803,8.271421,8.319231,8.331146,8.346952,8.351464,-1.10%
Computers and Electronics,Carbon Dioxide: Industrial: Manufacturing: Computers and Electronics: Reference case,AEO.2023.REF2023.EMI_CO2_IDAL_CMPEL_NA_NA_NA_MILLMETNCO2.A,MMmt CO2,,12.681177,12.408976,12.706477,12.281821,11.47788,10.547936,9.652774,8.954411,8.408861,8.180883,8.061197,8.057761,7.982533,7.992813,8.020665,8.022489,7.997124,8.03575,8.114337,8.247371,8.363076,8.433983,8.433541,8.435643,8.385188,8.433615,8.444057,8.505771,8.515406,-1.40%
Transportation Equipment,Carbon Dioxide: Industrial: Manufacturing: Transportation Equipment: Reference case,AEO.2023.REF2023.EMI_CO2_IDAL_TEQ_NA_NA_NA_MILLMETNCO2.A,MMmt CO2,,27.862282,28.100296,28.087168,26.443531,24.393961,22.958282,21.483873,20.235435,19.268251,18.948334,18.913992,19.090429,19.032969,19.166653,19.337273,19.338974,19.283182,19.318489,19.411381,19.634848,19.866426,19.956629,19.912628,19.883104,19.826811,19.96059,20.013973,20.095705,20.143396,-1.20%
Electrical Equipment,Carbon Dioxide: Industrial: Manufacturing: Electrical Equipment: Reference case,AEO.2023.REF2023.EMI_CO2_IDAL_EEQ_NA_NA_NA_MILLMETNCO2.A,MMmt CO2,,6.485394,6.289806,6.377675,6.151072,5.762552,5.379538,5.032572,4.767671,4.563878,4.462029,4.434686,4.493532,4.503679,4.558057,4.622309,4.682866,4.739733,4.816425,4.899548,5.010904,5.114878,5.199914,5.248869,5.303652,5.334486,5.409608,5.47109,5.547936,5.619313,-0.50%
Wood Products,Carbon Dioxide: Industrial: Manufacturing: Wood Products: Reference case,AEO.2023.REF2023.EMI_CO2_IDAL_WDP_NA_NA_NA_MILLMETNCO2.A,MMmt CO2,,10.960661,9.933792,9.750238,9.422837,8.766169,8.138155,7.714374,7.413211,7.12996,6.984209,6.925067,6.933911,6.901067,6.863812,6.754011,6.707214,6.653021,6.63765,6.646506,6.710378,6.758221,6.737751,6.653067,6.602302,6.530187,6.520455,6.48764,6.467337,6.476966,-1.90%
Plastics,Carbon Dioxide: Industrial: Manufacturing: Plastics: Reference case,AEO.2023.REF2023.EMI_CO2_IDAL_PRP_NA_NA_NA_MILLMETNCO2.A,MMmt CO2,,22.75898,21.798243,21.634739,20.593082,19.116161,17.612242,16.205503,15.188501,14.403648,14.121975,14.007547,14.105764,14.029839,14.131393,14.200638,14.181547,14.114491,14.123339,14.169612,14.322109,14.462239,14.539654,14.486478,14.443938,14.360987,14.417532,14.4107,14.444581,14.498022,-1.60%
Balance of Manufacturing,Carbon Dioxide: Industrial: Manufacturing: Balance of Manufacturing: Reference case,AEO.2023.REF2023.EMI_CO2_IDAL_BMF_NA_NA_NA_MILLMETNCO2.A,MMmt CO2,,101.469894,93.776764,94.132248,90.327377,85.725754,81.509628,77.747314,74.932121,72.735664,71.766472,71.326752,71.471764,71.221344,71.439636,71.743607,71.989906,72.165466,72.560135,73.131577,74.016754,74.924675,75.604805,76.018066,76.42321,76.568779,77.233742,77.718819,78.252632,78.78196,-0.90%
Total Manufacturing,Carbon Dioxide: Industrial: Manufacturing: Reference case,AEO.2023.REF2023.EMI_CO2_IDAL_MANF_NA_NA_NA_MILLMETNCO2.A,MMmt CO2,,1016.121216,981.56897,966.451782,953.320557,937.839661,919.405457,902.457947,887.951843,876.132019,871.181458,871.327637,872.286682,873.862549,876.114075,878.068115,880.002197,880.482788,883.045959,886.705383,892.350464,897.283875,899.897522,900.353088,900.914062,899.144043,903.673157,907.066895,910.519348,914.976501,-0.40%
Nonmanufacturing,,,,,,,,,,,,,,,,,,,,,,,,,,,,,,,,,,
Agriculture,Carbon Dioxide: Industrial: Nonmanufacturing: Agriculture: Reference case,AEO.2023.REF2023.EMI_CO2_IDAL_AGG_NA_NA_NA_MILLMETNCO2.A,MMmt CO2,,79.839989,78.261871,79.459007,77.818352,75.698303,73.263222,71.294716,70.013397,69.119591,68.723656,68.754433,68.807381,68.807007,68.942719,69.009537,69.117981,69.2071,69.40976,69.643036,69.925613,70.212364,70.404518,70.394646,70.497513,70.436943,70.532578,70.595558,70.721169,70.749634,-0.40%
Construction,Carbon Dioxide: Industrial: Nonmanufacturing: Construction: Reference case,AEO.2023.REF2023.EMI_CO2_IDAL_CNS_NA_NA_NA_MILLMETNCO2.A,MMmt CO2,,81.519592,77.419876,76.806313,75.389717,72.95462,69.711807,67.561508,67.033157,66.504913,65.663292,64.909821,64.582634,64.229668,64.222832,64.381233,64.630287,64.987869,65.348785,65.829376,66.538498,67.048309,67.396606,67.534286,67.909538,68.049065,68.353622,68.552483,68.73893,69.115891,-0.60%
Mining,Carbon Dioxide: Industrial: Nonmanufacturing: Mining: Reference case,AEO.2023.REF2023.EMI_CO2_IDAL_MING_NA_NA_NA_MILLMETNCO2.A,MMmt CO2,,80.892776,76.498314,75.891464,73.210922,69.958534,66.063721,63.332615,61.270645,60.018135,59.213196,58.847061,58.661068,58.335312,58.204567,58.056976,57.869282,57.664642,57.65416,57.556984,57.630554,57.755272,57.970921,58.001511,58.016731,57.948582,57.796917,57.722164,57.812759,57.875912,-1.20%
Total Nonmanufacturing,Carbon Dioxide: Industrial: Nonmanufacturing: Reference case,AEO.2023.REF2023.EMI_CO2_IDAL_NMFG_NA_NA_NA_MILLMETNCO2.A,MMmt CO2,,242.252365,232.180054,232.156784,226.418991,218.61145,209.038757,202.188843,198.3172,195.642639,193.600143,192.511307,192.051086,191.371994,191.370117,191.447754,191.617538,191.859619,192.412704,193.029388,194.094666,195.015961,195.772034,195.930435,196.423767,196.434586,196.683121,196.870209,197.272858,197.74144,-0.70%
Discrepancy,Carbon Dioxide: Industrial: Discrepancy: Reference case,AEO.2023.REF2023.EMI_CO2_IDAL_DESCR_NA_NA_NA_MILLMETNCO2.A,MMmt CO2,,134.487915,136.79834,136.543457,138.541382,142.611816,143.135742,144.27063,143.526245,144.766968,147.047974,150.372192,153.588379,156.765015,158.496704,160.916138,161.870972,162.115479,162.839478,162.900879,162.876709,163.765137,164.853027,167.369019,167.756958,167.976562,168.349731,169.802979,170.34729,170.505859,0.90%
Total Industrial,Carbon Dioxide: Industrial: Reference case,AEO.2023.REF2023.EMI_CO2_IDAL_NA_NA_NA_NA_MILLMETNCO2.A,MMmt CO2,,1392.86145,1350.547363,1335.151978,1318.280884,1299.062988,1271.579956,1248.917358,1229.795288,1216.541626,1211.82959,1214.211182,1217.926147,1221.999512,1225.980835,1230.432007,1233.490723,1234.457886,1238.298096,1242.63562,1249.321777,1256.064941,1260.522583,1263.652588,1265.094849,1263.555176,1268.706055,1273.740112,1278.139526,1283.223755,-0.30%
Transportation,,,,,,,,,,,,,,,,,,,,,,,,,,,,,,,,,,
Light-Duty Vehicles,Carbon Dioxide: Transportation: Light-Duty Vehicles: Reference case,AEO.2023.REF2023.EMI_CO2_TRN_LDV_NA_NA_NA_MILLMETNCO2.A,MMmt CO2,,950.109436,953.956238,941.944641,926.627441,913.667603,902.229248,889.05072,874.080444,858.09967,843.160828,828.39209,816.754517,806.36731,796.103027,785.699768,776.65387,768.778564,761.537964,756.004578,751.460876,747.947571,745.106384,743.292358,742.887939,743.745605,746.111633,749.079895,752.81134,757.487305,-0.80%
Commercial Light Trucks,Carbon Dioxide: Transportation: Commercial Light Trucks: Reference case,AEO.2023.REF2023.EMI_CO2_TRN_CML_NA_NA_NA_MILLMETNCO2.A,MMmt CO2,,62.897308,62.178211,60.817337,60.00927,59.361004,58.765831,58.644817,58.217052,57.743179,57.387028,57.251263,57.194839,57.216187,57.295456,57.398106,57.580261,57.833687,58.071163,58.45435,58.937588,59.438953,59.886055,60.295059,60.767445,61.275627,61.868473,62.309898,62.80719,63.54253,0.00%
Bus Transportation,Carbon Dioxide: Transportation: Bus Transportation: Reference case,AEO.2023.REF2023.EMI_CO2_TRN_BST_NA_NA_NA_MILLMETNCO2.A,MMmt CO2,,13.907424,14.464467,14.665533,14.755063,14.780743,14.780473,14.981984,14.927326,14.842502,14.735794,14.630824,14.600614,14.541158,14.469614,14.385731,14.272588,14.160365,14.038814,13.913713,13.781877,13.645084,13.490213,13.343635,13.189344,13.016663,12.797674,12.531601,12.259748,12.031363,-0.50%
Freight Trucks,Carbon Dioxide: Transportation: Freight Trucks: Reference case,AEO.2023.REF2023.EMI_CO2_TRN_FGHT_NA_NA_NA_MILLMETNCO2.A,MMmt CO2,,402.705292,392.461731,384.004181,381.481567,378.991333,375.250793,377.946198,373.045837,367.903595,363.571289,360.720764,357.867279,355.541321,353.938599,352.202484,351.494659,351.155396,351.058044,351.645172,352.68161,353.984436,355.339447,356.697083,357.983398,358.991699,359.642883,358.645966,358.782227,360.776703,-0.40%
"Rail, Passenger","Carbon Dioxide: Transportation: Rail, Passenger: Reference case",AEO.2023.REF2023.EMI_CO2_TRN_RLP_NA_NA_NA_MILLMETNCO2.A,MMmt CO2,,4.133047,4.081877,4.129679,3.973314,3.743629,3.510137,3.342936,3.210079,3.113613,3.076827,3.063673,3.084075,3.087133,3.101875,3.114933,3.122325,3.130254,3.14462,3.168948,3.203209,3.235666,3.252747,3.256059,3.267898,3.27421,3.286403,3.288885,3.304091,3.317461,-0.80%
"Rail, Freight","Carbon Dioxide: Transportation: Rail, Freight: Reference case",AEO.2023.REF2023.EMI_CO2_TRN_RLF_NA_NA_NA_MILLMETNCO2.A,MMmt CO2,,32.955963,32.221329,33.297276,32.604698,31.209187,30.084093,30.174477,30.414614,30.127775,30.131613,30.308447,30.438618,30.493153,30.600386,30.52673,30.502228,30.511036,30.37871,30.336206,30.494976,30.612234,30.559727,30.485386,30.403353,30.331177,30.291384,30.206734,30.080584,30.138388,-0.30%
"Shipping, Domestic","Carbon Dioxide: Transportation: Shipping, Domestic: Reference case",AEO.2023.REF2023.EMI_CO2_TRN_SHDT_NA_NA_NA_MILLMETNCO2.A,MMmt CO2,,6.729672,6.718453,6.618383,6.588602,6.540404,6.471186,6.525752,6.436739,6.351618,6.274281,6.217373,6.157016,6.098335,6.038792,5.973011,5.918263,5.861021,5.811332,5.764012,5.722263,5.685399,5.649696,5.613025,5.571871,5.526317,5.469711,5.387451,5.327874,5.293796,-0.90%
"Shipping, International","Carbon Dioxide: Transportation: Shipping, International: Reference case",AEO.2023.REF2023.EMI_CO2_TRN_SHINT_NA_NA_NA_MILLMETNCO2.A,MMmt CO2,,68.15332,63.230057,62.587276,62.777618,61.946568,61.627644,61.448349,61.025166,60.714169,60.687263,60.658424,60.68103,60.633503,60.6408,60.522804,60.484978,60.476177,60.403198,60.387859,60.382977,60.42667,60.400951,60.413574,60.406551,60.620235,60.539589,60.21463,59.984509,59.79192,-0.50%
Recreational Boats,Carbon Dioxide: Transportation: Recreational Boats: Reference case,AEO.2023.REF2023.EMI_CO2_TRN_RBT_NA_NA_NA_MILLMETNCO2.A,MMmt CO2,,13.370907,13.115326,12.850752,12.718651,12.65135,12.58181,12.547553,12.435554,12.303943,12.178397,12.087786,12.021796,11.95858,11.899096,11.854794,11.825184,11.795709,11.766365,11.75664,11.744874,11.731536,11.718617,11.701341,11.681438,11.655885,11.631125,11.593979,11.563716,11.553059,-0.50%
Air,Carbon Dioxide: Transportation: Air: Reference case,AEO.2023.REF2023.EMI_CO2_TRN_AIR_NA_NA_NA_MILLMETNCO2.A,MMmt CO2,,202.420792,217.254684,220.363235,220.789993,223.591782,226.360382,228.550858,230.180176,231.323654,232.468155,234.285095,236.200119,237.930481,239.990631,242.656113,245.839401,249.18219,252.672226,256.728546,260.611786,264.5625,268.573425,272.574066,276.468109,280.261414,284.328491,288.436096,292.484558,296.999603,1.40%
Military Use,Carbon Dioxide: Transportation: Military Use: Reference case,AEO.2023.REF2023.EMI_CO2_TRN_MILU_NA_NA_NA_MILLMETNCO2.A,MMmt CO2,,30.758461,30.865875,30.880905,30.951954,30.987591,31.033514,31.193226,31.210148,31.21874,31.219616,31.217583,31.212893,31.20718,31.201469,31.201111,31.209522,31.220798,31.23333,31.250292,31.269442,31.290627,31.313522,31.338619,31.365763,31.377748,31.380016,31.355715,31.351957,31.365166,0.10%
Lubricants,Carbon Dioxide: Transportation: Lubricants: Reference case,AEO.2023.REF2023.EMI_CO2_TRN_LBC_NA_NA_NA_MILLMETNCO2.A,MMmt CO2,,5.259893,5.259051,5.262698,5.264263,5.266928,5.261529,5.256041,5.251958,5.24765,5.243211,5.238759,5.234205,5.230874,5.229815,5.231078,5.233706,5.237619,5.242414,5.248254,5.253718,5.259049,5.264084,5.269125,5.275557,5.282744,5.289779,5.29607,5.30287,5.310571,0.00%
Pipeline Fuel,Carbon Dioxide: Transportation: Pipeline Fuel: Reference case,AEO.2023.REF2023.EMI_CO2_TRN_PFT_NA_NA_NA_MILLMETNCO2.A,MMmt CO2,,47.922295,43.414913,40.263588,38.452477,36.817432,34.602371,32.482933,32.382664,32.291843,32.37545,32.685867,33.136749,33.373867,33.517288,33.545113,33.490349,33.747662,33.686108,34.169655,34.519905,34.823589,34.973198,35.190159,35.407513,35.689579,36.091743,36.480949,36.607487,36.866489,-0.90%
Discrepancy,Carbon Dioxide: Transportation: Discrepancy: Reference case,AEO.2023.REF2023.EMI_CO2_TRN_DESCR_NA_NA_NA_MILLMETNCO2.A,MMmt CO2,,-62.517456,-72.371704,-64.106567,-64.166992,-61.298828,-59.271606,-57.258789,-55.408325,-53.784424,-53.078369,-52.359253,-51.895752,-51.161377,-50.723267,-49.991699,-49.361206,-48.710571,-48.106445,-47.589722,-47.171509,-46.927612,-46.578979,-46.260742,-45.805298,-45.878906,-45.412354,-44.512939,-43.702515,-43.020874,-1.30%
Total Transportation,Carbon Dioxide: Transportation: Reference case,AEO.2023.REF2023.EMI_CO2_TRN_NA_NA_NA_NA_MILLMETNCO2.A,MMmt CO2,,1778.806274,1766.850342,1753.578857,1732.828125,1718.256592,1703.287231,1694.887085,1677.409302,1657.497559,1639.431519,1624.398682,1612.68811,1602.517822,1593.303589,1584.320068,1578.266113,1574.379761,1570.93811,1571.238525,1572.893677,1575.715576,1578.949219,1583.20874,1588.870605,1595.170044,1603.316772,1610.315186,1618.96582,1631.453369,-0.30%
Biogenic Energy Combustion,,,,,,,,,,,,,,,,,,,,,,,,,,,,,,,,,,
Biomass,Carbon Dioxide: Biogenic Energy Combustion: Biomass: Reference case,AEO.2023.REF2023.EMI_CO2_BIOF_NA_BMS_NA_NA_MILLMETNCO2.A,MMmt CO2,,203.408157,214.873184,205.149246,203.638824,201.908035,200.891388,199.905823,199.632172,199.533432,199.849594,200.406174,201.110931,201.752914,202.200485,202.027466,202.345505,202.547012,202.835617,203.343262,203.973892,204.484268,204.939774,205.029816,204.878464,205.661926,206.334381,206.509689,207.357635,208.479752,0.10%
Electric Power Sector,Carbon Dioxide: Biogenic Energy Combustion: Biomass: Electric Power: Reference case,AEO.2023.REF2023.EMI_CO2_ELEP_NA_BMS_NA_NA_MILLMETNCO2.A,MMmt CO2,,16.916845,18.055857,16.8967,16.985506,16.674644,16.429052,15.537103,15.135835,15.126033,15.243572,15.258964,15.372441,15.371119,15.398817,15.371854,15.435214,15.500514,15.504842,15.523709,15.540503,15.456391,15.456577,15.439062,15.450525,16.006729,16.038853,16.085049,16.602602,16.67494,-0.10%
Other Sectors,Carbon Dioxide: Biogenic Energy Combustion: Biomass: Other Sectors: Reference case,AEO.2023.REF2023.EMI_CO2_EDU_NA_BMS_NA_NA_MILLMETNCO2.A,MMmt CO2,,186.491318,196.817322,188.252548,186.653305,185.233398,184.462341,184.368713,184.496338,184.407394,184.606018,185.147217,185.738495,186.381805,186.801666,186.655609,186.910294,187.046478,187.33078,187.81955,188.43338,189.027878,189.4832,189.590759,189.427933,189.655197,190.295532,190.424637,190.75502,191.80481,0.10%
Biogenic Waste,Carbon Dioxide: Biogenic Energy Combustion: Biogenic Waste: Reference case,AEO.2023.REF2023.EMI_CO2_BIOF_NA_BGW_NA_NA_MILLMETNCO2.A,MMmt CO2,,20.113905,20.686209,21.199966,21.672869,22.119066,22.811287,23.127224,23.771843,24.501562,25.222599,25.884855,26.904703,27.532444,28.297073,29.135778,29.997396,31.019815,31.974167,32.696568,33.458729,34.254147,35.035774,35.853149,36.677959,37.173222,37.790192,38.327248,38.861904,39.47823,2.40%
Biofuels Heat and Coproducts,Carbon Dioxide: Biogenic Energy Combustion: Biofuels Heat and Coproducts: Reference case,AEO.2023.REF2023.EMI_CO2_BIOF_NA_BFH_NA_NA_MILLMETNCO2.A,MMmt CO2,,86.12471,92.363228,85.394226,85.046196,84.88224,84.780296,85.066689,84.74044,84.329391,83.968704,83.62104,83.509644,83.510254,84.174438,84.117798,84.201157,84.360306,84.588585,84.973778,86.168068,86.729279,87.355698,87.427559,88.051308,89.00853,90.10244,92.079842,92.927605,93.51622,0.30%
Ethanol,Carbon Dioxide: Biogenic Energy Combustion: Ethanol: Reference case,AEO.2023.REF2023.EMI_CO2_BIOF_NA_ETH_NA_NA_MILLMETNCO2.A,MMmt CO2,,78.505524,78.361214,80.264359,79.605034,79.123474,78.7276,78.18927,77.519638,76.741371,76.025063,75.33699,74.864754,74.507286,74.136124,73.684814,73.367622,73.133957,72.947205,72.91169,72.900177,73.00563,73.18103,73.490555,73.904129,74.454872,75.13063,75.845253,76.649719,77.599266,0.00%
Biobutanol,Carbon Dioxide: Biogenic Energy Combustion: Biobutantol: Reference case,AEO.2023.REF2023.EMI_CO2_BIOF_NA_BIOB_NA_NA_MILLMETNCO2.A,MMmt CO2,,0,0,0,0,0,0,0,0,0,0,0,0,0,0,0,0,0,0,0,0,0,0,0,0,0,0,0,0,0,- -
Biodiesel,Carbon Dioxide: Biogenic Energy Combustion: Biodiesel: Reference case,AEO.2023.REF2023.EMI_CO2_BIOF_NA_BDL_NA_NA_MILLMETNCO2.A,MMmt CO2,,14.659643,13.807056,15.936515,14.789663,14.546313,14.768624,11.268956,11.940824,12.571818,12.936704,12.846451,13.076537,12.87739,12.633748,12.380847,12.118495,11.84651,11.601817,11.309979,11.007915,10.695416,10.37228,10.038289,9.693226,9.33687,8.968994,8.589369,8.205953,7.822569,-2.20%
Liquids from Biomass,Carbon Dioxide: Biogenic Energy Combustion: Liquids from Biomass: Reference case,AEO.2023.REF2023.EMI_CO2_BIOF_NA_LFB_NA_NA_MILLMETNCO2.A,MMmt CO2,,0.075068,0.084381,0.084785,0.084785,0.089486,0.084783,0.089486,0.164559,0.122148,0.135564,0.137846,0.164559,0.164559,0.164559,0.164559,0.164559,0.164559,0.164559,0.164559,0.196154,0.164559,0.164559,0.145738,0.089486,0.159856,0.159856,0.159856,0.162751,0.137657,2.20%
Renewable Diesel and Gasoline,Carbon Dioxide: Biogenic Energy Combustion: Renewable Diesel & Gas: Reference case,AEO.2023.REF2023.EMI_CO2_BIOF_NA_GLQ_NA_NA_MILLMETNCO2.A,MMmt CO2,,21.503298,25.688059,26.096502,25.27577,25.322567,25.357876,21.122114,21.033485,21.212774,21.52754,22.261086,22.431643,22.919224,23.445858,24.08214,24.5839,25.005157,25.349012,25.576536,25.736431,25.861917,25.891327,25.822618,25.677288,26.402279,27.773338,30.692139,32.420212,33.317322,1.60%
Total,Carbon Dioxide: Biogenic Energy Combustion: Reference case,AEO.2023.REF2023.EMI_CO2_BIOF_NA_BIOE_NA_NA_MILLMETNCO2.A,MMmt CO2,,424.39032,445.863312,434.12561,430.113129,427.99118,427.421844,418.769531,418.802979,419.012482,419.665741,420.494446,422.062744,423.264038,425.052277,425.593414,426.778625,428.077301,429.460938,430.976349,433.441345,435.19519,436.94043,437.80777,438.971832,442.197571,446.259857,452.203369,456.585815,460.351013,0.30%